file,gensize,run,name,score,auc,itb,duration_ms,memory_kb
tsp/swiss42.tsp,1000,1,haco_no_local,1299.000000,1322785.000000,21,4571,2977
tsp/swiss42.tsp,1000,2,haco_no_local,1287.000000,1406863.000000,109,4490,2470
tsp/swiss42.tsp,1000,3,haco_no_local,1291.000000,1326738.000000,288,4545,642
tsp/swiss42.tsp,1000,4,haco_no_local,1303.000000,1356698.000000,31,5131,1790
tsp/swiss42.tsp,1000,5,haco_no_local,1297.000000,1325971.500000,557,5116,2129
tsp/swiss42.tsp,1000,6,haco_no_local,1291.000000,1358499.000000,501,5174,2161
tsp/swiss42.tsp,1000,7,haco_no_local,1299.000000,1542690.000000,12,5001,2087
tsp/swiss42.tsp,1000,8,haco_no_local,1299.000000,1319708.500000,12,4328,937
tsp/swiss42.tsp,1000,9,haco_no_local,1287.000000,1376714.000000,11,4355,1631
tsp/swiss42.tsp,1000,10,haco_no_local,1299.000000,1479725.500000,17,4385,2941
tsp/swiss42.tsp,1000,11,haco_no_local,1291.000000,1407448.000000,496,4378,2219
tsp/swiss42.tsp,1000,12,haco_no_local,1297.000000,1349256.000000,94,4411,761
tsp/swiss42.tsp,1000,13,haco_no_local,1303.000000,1355855.000000,17,4415,1740
tsp/swiss42.tsp,1000,14,haco_no_local,1295.000000,1357377.000000,882,4380,1149
tsp/swiss42.tsp,1000,15,haco_no_local,1291.000000,1342916.000000,176,4436,1835
tsp/swiss42.tsp,1000,16,haco_no_local,1287.000000,1325135.500000,22,4483,1130
tsp/swiss42.tsp,1000,17,haco_no_local,1287.000000,1386972.000000,593,4393,2473
tsp/swiss42.tsp,1000,18,haco_no_local,1299.000000,1485306.500000,39,4434,3011
tsp/swiss42.tsp,1000,19,haco_no_local,1303.000000,1315069.500000,22,4471,1356
tsp/swiss42.tsp,1000,20,haco_no_local,1299.000000,1406857.000000,18,4424,661
tsp/swiss42.tsp,500,1,haco_no_local,1292.000000,682078.500000,7,2220,3185
tsp/swiss42.tsp,500,2,haco_no_local,1299.000000,678547.500000,30,2198,2917
tsp/swiss42.tsp,500,3,haco_no_local,1303.000000,666278.000000,120,2192,927
tsp/swiss42.tsp,500,4,haco_no_local,1299.000000,720425.000000,98,2201,929
tsp/swiss42.tsp,500,5,haco_no_local,1297.000000,694683.500000,364,2159,1173
tsp/swiss42.tsp,500,6,haco_no_local,1299.000000,682406.500000,21,2178,1399
tsp/swiss42.tsp,500,7,haco_no_local,1299.000000,692867.000000,17,2191,2852
tsp/swiss42.tsp,500,8,haco_no_local,1303.000000,659494.500000,10,2164,2413
tsp/swiss42.tsp,500,9,haco_no_local,1295.000000,695981.000000,7,2164,3053
tsp/swiss42.tsp,500,10,haco_no_local,1307.000000,675171.500000,46,2200,2481
tsp/swiss42.tsp,500,11,haco_no_local,1303.000000,668151.000000,127,2153,2620
tsp/swiss42.tsp,500,12,haco_no_local,1299.000000,755019.000000,12,2131,2847
tsp/swiss42.tsp,500,13,haco_no_local,1287.000000,676079.500000,12,2166,2969
tsp/swiss42.tsp,500,14,haco_no_local,1295.000000,687273.500000,167,2140,3094
tsp/swiss42.tsp,500,15,haco_no_local,1303.000000,685624.000000,28,2132,3117
tsp/swiss42.tsp,500,16,haco_no_local,1299.000000,699355.500000,18,2184,301
tsp/swiss42.tsp,500,17,haco_no_local,1299.000000,680878.000000,13,2149,941
tsp/swiss42.tsp,500,18,haco_no_local,1291.000000,681473.000000,137,2146,390
tsp/swiss42.tsp,500,19,haco_no_local,1293.000000,679466.500000,113,2165,1347
tsp/swiss42.tsp,500,20,haco_no_local,1299.000000,751298.000000,17,2167,639
tsp/swiss42.tsp,800,1,haco_no_local,1299.000000,1109346.500000,22,3467,2190
tsp/swiss42.tsp,800,2,haco_no_local,1299.000000,1089621.500000,34,3509,931
tsp/swiss42.tsp,800,3,haco_no_local,1299.000000,1161132.500000,17,3533,2680
tsp/swiss42.tsp,800,4,haco_no_local,1295.000000,1058775.000000,215,3492,2761
tsp/swiss42.tsp,800,5,haco_no_local,1299.000000,1051708.000000,8,3576,2761
tsp/swiss42.tsp,800,6,haco_no_local,1303.000000,1056219.000000,14,3551,894
tsp/swiss42.tsp,800,7,haco_no_local,1291.000000,1087837.000000,21,3522,399
tsp/swiss42.tsp,800,8,haco_no_local,1287.000000,1110031.000000,243,3524,919
tsp/swiss42.tsp,800,9,haco_no_local,1299.000000,1220824.500000,42,3539,1811
tsp/swiss42.tsp,800,10,haco_no_local,1299.000000,1052792.000000,34,3568,2229
tsp/swiss42.tsp,800,11,haco_no_local,1303.000000,1182670.000000,21,3539,2295
tsp/swiss42.tsp,800,12,haco_no_local,1291.000000,1091171.500000,142,3515,1028
tsp/swiss42.tsp,800,13,haco_no_local,1295.000000,1083072.500000,15,3564,1715
tsp/swiss42.tsp,800,14,haco_no_local,1299.000000,1120772.500000,14,3541,1485
tsp/swiss42.tsp,800,15,haco_no_local,1291.000000,1182429.500000,92,3546,3177
tsp/swiss42.tsp,800,16,haco_no_local,1299.000000,1073429.000000,564,3526,1812
tsp/swiss42.tsp,800,17,haco_no_local,1291.000000,1121662.000000,411,3512,2556
tsp/swiss42.tsp,800,18,haco_no_local,1291.000000,1108383.000000,721,3516,2915
tsp/swiss42.tsp,800,19,haco_no_local,1287.000000,1142146.000000,29,3566,481
tsp/swiss42.tsp,800,20,haco_no_local,1291.000000,1082753.000000,471,3550,1291
tsp/swiss42.tsp,1000,1,haco_with_local,1273.000000,1335853.000000,90,5017,1666
tsp/swiss42.tsp,1000,2,haco_with_local,1273.000000,1308570.500000,20,4911,1690
tsp/swiss42.tsp,1000,3,haco_with_local,1273.000000,1355206.000000,20,4873,1543
tsp/swiss42.tsp,1000,4,haco_with_local,1273.000000,1352307.000000,0,4903,2640
tsp/swiss42.tsp,1000,5,haco_with_local,1273.000000,1330997.000000,80,4936,1427
tsp/swiss42.tsp,1000,6,haco_with_local,1273.000000,1299434.000000,30,4849,164
tsp/swiss42.tsp,1000,7,haco_with_local,1273.000000,1288089.500000,15,4880,1334
tsp/swiss42.tsp,1000,8,haco_with_local,1273.000000,1324429.000000,0,4784,884
tsp/swiss42.tsp,1000,9,haco_with_local,1273.000000,1304770.000000,0,4752,3110
tsp/swiss42.tsp,1000,10,haco_with_local,1273.000000,1310827.000000,25,4775,723
tsp/swiss42.tsp,1000,11,haco_with_local,1273.000000,1320123.500000,5,4766,1047
tsp/swiss42.tsp,1000,12,haco_with_local,1273.000000,1311487.000000,20,4749,1319
tsp/swiss42.tsp,1000,13,haco_with_local,1273.000000,1358910.500000,0,4793,1090
tsp/swiss42.tsp,1000,14,haco_with_local,1273.000000,1353648.000000,10,4758,3085
tsp/swiss42.tsp,1000,15,haco_with_local,1273.000000,1299062.500000,0,4780,3208
tsp/swiss42.tsp,1000,16,haco_with_local,1273.000000,1300169.000000,35,4745,1563
tsp/swiss42.tsp,1000,17,haco_with_local,1273.000000,1323727.000000,0,4767,2280
tsp/swiss42.tsp,1000,18,haco_with_local,1273.000000,1349578.000000,40,4801,1250
tsp/swiss42.tsp,1000,19,haco_with_local,1273.000000,1346276.000000,35,4747,1070
tsp/swiss42.tsp,1000,20,haco_with_local,1273.000000,1302309.500000,30,4776,2067
tsp/swiss42.tsp,500,1,haco_with_local,1273.000000,675607.000000,60,2421,1500
tsp/swiss42.tsp,500,2,haco_with_local,1273.000000,677769.000000,20,2429,1127
tsp/swiss42.tsp,500,3,haco_with_local,1273.000000,653471.500000,25,2393,579
tsp/swiss42.tsp,500,4,haco_with_local,1273.000000,677956.500000,120,2426,1088
tsp/swiss42.tsp,500,5,haco_with_local,1273.000000,662420.500000,35,2402,784
tsp/swiss42.tsp,500,6,haco_with_local,1273.000000,674087.500000,15,2412,843
tsp/swiss42.tsp,500,7,haco_with_local,1273.000000,652798.500000,35,2378,1583
tsp/swiss42.tsp,500,8,haco_with_local,1273.000000,664224.500000,60,2392,1273
tsp/swiss42.tsp,500,9,haco_with_local,1273.000000,676358.000000,0,2409,1355
tsp/swiss42.tsp,500,10,haco_with_local,1273.000000,680462.500000,45,2418,2296
tsp/swiss42.tsp,500,11,haco_with_local,1273.000000,670243.500000,80,2418,2321
tsp/swiss42.tsp,500,12,haco_with_local,1273.000000,670166.000000,20,2383,2122
tsp/swiss42.tsp,500,13,haco_with_local,1273.000000,655084.500000,240,2392,1326
tsp/swiss42.tsp,500,14,haco_with_local,1273.000000,682763.500000,30,2427,1689
tsp/swiss42.tsp,500,15,haco_with_local,1273.000000,678457.000000,15,2427,1155
tsp/swiss42.tsp,500,16,haco_with_local,1273.000000,662814.000000,25,2389,1375
tsp/swiss42.tsp,500,17,haco_with_local,1273.000000,689295.500000,135,2375,1155
tsp/swiss42.tsp,500,18,haco_with_local,1273.000000,669126.500000,40,2387,1046
tsp/swiss42.tsp,500,19,haco_with_local,1273.000000,678487.000000,15,2401,1283
tsp/swiss42.tsp,500,20,haco_with_local,1273.000000,651181.500000,15,2364,1293
tsp/swiss42.tsp,800,1,haco_with_local,1273.000000,1075802.000000,45,3812,92
tsp/swiss42.tsp,800,2,haco_with_local,1273.000000,1086585.000000,15,3835,845
tsp/swiss42.tsp,800,3,haco_with_local,1273.000000,1090160.000000,10,3835,2096
tsp/swiss42.tsp,800,4,haco_with_local,1273.000000,1054108.500000,20,3837,1970
tsp/swiss42.tsp,800,5,haco_with_local,1273.000000,1074567.000000,35,3835,2601
tsp/swiss42.tsp,800,6,haco_with_local,1273.000000,1067773.500000,0,3846,2317
tsp/swiss42.tsp,800,7,haco_with_local,1273.000000,1039299.000000,40,3831,2505
tsp/swiss42.tsp,800,8,haco_with_local,1273.000000,1088524.500000,0,3812,407
tsp/swiss42.tsp,800,9,haco_with_local,1273.000000,1075246.000000,30,3831,2637
tsp/swiss42.tsp,800,10,haco_with_local,1273.000000,1068482.500000,20,3823,2426
tsp/swiss42.tsp,800,11,haco_with_local,1273.000000,1047786.500000,35,3806,1738
tsp/swiss42.tsp,800,12,haco_with_local,1273.000000,1040579.000000,10,3846,2091
tsp/swiss42.tsp,800,13,haco_with_local,1273.000000,1067086.500000,50,3868,2584
tsp/swiss42.tsp,800,14,haco_with_local,1273.000000,1050205.500000,20,3829,1819
tsp/swiss42.tsp,800,15,haco_with_local,1273.000000,1079403.500000,15,3838,2029
tsp/swiss42.tsp,800,16,haco_with_local,1273.000000,1057133.000000,0,3826,2964
tsp/swiss42.tsp,800,17,haco_with_local,1273.000000,1056016.500000,105,3851,2071
tsp/swiss42.tsp,800,18,haco_with_local,1273.000000,1047451.500000,5,3834,773
tsp/swiss42.tsp,800,19,haco_with_local,1273.000000,1048764.500000,30,3810,2354
tsp/swiss42.tsp,800,20,haco_with_local,1273.000000,1084399.000000,0,3817,2379
tsp/swiss42.tsp,1000,1,aco,1299.000000,1328190.000000,5,4029,2068
tsp/swiss42.tsp,1000,2,aco,1299.000000,1316619.000000,13,4008,2531
tsp/swiss42.tsp,1000,3,aco,1299.000000,1329534.500000,44,4006,2864
tsp/swiss42.tsp,1000,4,aco,1299.000000,1338093.500000,13,4033,790
tsp/swiss42.tsp,1000,5,aco,1299.000000,1335656.000000,14,4014,3008
tsp/swiss42.tsp,1000,6,aco,1299.000000,1332025.500000,8,4005,1161
tsp/swiss42.tsp,1000,7,aco,1299.000000,1328403.000000,23,3987,2299
tsp/swiss42.tsp,1000,8,aco,1299.000000,1329841.000000,26,4013,1380
tsp/swiss42.tsp,1000,9,aco,1295.000000,1314406.500000,268,3997,1944
tsp/swiss42.tsp,1000,10,aco,1299.000000,1331749.000000,34,4027,2154
tsp/swiss42.tsp,1000,11,aco,1299.000000,1335797.500000,7,3986,2694
tsp/swiss42.tsp,1000,12,aco,1299.000000,1327621.500000,36,4039,3074
tsp/swiss42.tsp,1000,13,aco,1299.000000,1333348.000000,12,4006,702
tsp/swiss42.tsp,1000,14,aco,1299.000000,1337378.500000,26,4032,489
tsp/swiss42.tsp,1000,15,aco,1299.000000,1334712.500000,30,3949,2197
tsp/swiss42.tsp,1000,16,aco,1299.000000,1338220.000000,22,4024,3073
tsp/swiss42.tsp,1000,17,aco,1297.000000,1334903.000000,444,4001,515
tsp/swiss42.tsp,1000,18,aco,1297.000000,1331113.500000,793,4021,266
tsp/swiss42.tsp,1000,19,aco,1299.000000,1334363.500000,37,4016,1000
tsp/swiss42.tsp,1000,20,aco,1299.000000,1333614.000000,15,4060,2490
tsp/swiss42.tsp,500,1,aco,1299.000000,664315.500000,13,2007,1680
tsp/swiss42.tsp,500,2,aco,1299.000000,669786.000000,11,1931,1575
tsp/swiss42.tsp,500,3,aco,1291.000000,653650.500000,13,1948,3055
tsp/swiss42.tsp,500,4,aco,1299.000000,670030.500000,21,1951,2315
tsp/swiss42.tsp,500,5,aco,1299.000000,655451.000000,39,1949,152
tsp/swiss42.tsp,500,6,aco,1291.000000,669100.500000,16,1954,2698
tsp/swiss42.tsp,500,7,aco,1299.000000,663769.500000,11,1965,2484
tsp/swiss42.tsp,500,8,aco,1299.000000,666890.500000,12,1968,2271
tsp/swiss42.tsp,500,9,aco,1299.000000,658513.000000,21,1937,1640
tsp/swiss42.tsp,500,10,aco,1299.000000,667661.000000,14,1967,413
tsp/swiss42.tsp,500,11,aco,1299.000000,668613.000000,23,1965,3076
tsp/swiss42.tsp,500,12,aco,1299.000000,665030.000000,14,1960,2057
tsp/swiss42.tsp,500,13,aco,1303.000000,671424.500000,233,1964,408
tsp/swiss42.tsp,500,14,aco,1299.000000,670313.000000,8,1968,652
tsp/swiss42.tsp,500,15,aco,1299.000000,662356.000000,17,1919,2495
tsp/swiss42.tsp,500,16,aco,1299.000000,666429.000000,8,1959,667
tsp/swiss42.tsp,500,17,aco,1299.000000,672178.500000,11,1969,2138
tsp/swiss42.tsp,500,18,aco,1299.000000,667275.500000,12,1966,2290
tsp/swiss42.tsp,500,19,aco,1299.000000,669388.500000,16,1956,2367
tsp/swiss42.tsp,500,20,aco,1299.000000,662398.000000,10,1940,1645
tsp/swiss42.tsp,800,1,aco,1299.000000,1072335.000000,28,3157,2549
tsp/swiss42.tsp,800,2,aco,1299.000000,1060862.500000,93,3217,438
tsp/swiss42.tsp,800,3,aco,1295.000000,1067163.000000,5,3223,1448
tsp/swiss42.tsp,800,4,aco,1299.000000,1070030.500000,50,3212,151
tsp/swiss42.tsp,800,5,aco,1299.000000,1071357.500000,7,3239,446
tsp/swiss42.tsp,800,6,aco,1299.000000,1068716.500000,9,3203,421
tsp/swiss42.tsp,800,7,aco,1291.000000,1061973.500000,11,3238,1938
tsp/swiss42.tsp,800,8,aco,1299.000000,1065766.500000,11,3220,770
tsp/swiss42.tsp,800,9,aco,1299.000000,1069465.500000,27,3244,707
tsp/swiss42.tsp,800,10,aco,1299.000000,1070275.500000,105,3222,228
tsp/swiss42.tsp,800,11,aco,1299.000000,1061653.000000,111,3203,413
tsp/swiss42.tsp,800,12,aco,1299.000000,1069310.500000,232,3227,2810
tsp/swiss42.tsp,800,13,aco,1299.000000,1065567.500000,36,3218,3091
tsp/swiss42.tsp,800,14,aco,1297.000000,1075203.500000,4,3166,785
tsp/swiss42.tsp,800,15,aco,1299.000000,1069369.500000,13,3253,2478
tsp/swiss42.tsp,800,16,aco,1299.000000,1066667.500000,16,3210,3061
tsp/swiss42.tsp,800,17,aco,1299.000000,1059522.000000,15,3214,1384
tsp/swiss42.tsp,800,18,aco,1287.000000,1046811.500000,23,3201,2252
tsp/swiss42.tsp,800,19,aco,1299.000000,1068002.500000,72,3212,406
tsp/swiss42.tsp,800,20,aco,1299.000000,1066078.500000,75,3173,365
tsp/eil51.tsp,1000,1,haco_no_local,449.000000,462621.000000,319,7534,2264
tsp/eil51.tsp,1000,2,haco_no_local,454.000000,466420.000000,53,7619,1424
tsp/eil51.tsp,1000,3,haco_no_local,454.000000,456411.000000,53,7601,746
tsp/eil51.tsp,1000,4,haco_no_local,463.000000,488836.000000,6,7638,1019
tsp/eil51.tsp,1000,5,haco_no_local,446.000000,478211.500000,152,7518,2883
tsp/eil51.tsp,1000,6,haco_no_local,454.000000,501291.000000,170,7619,2047
tsp/eil51.tsp,1000,7,haco_no_local,457.000000,519897.500000,23,7610,1304
tsp/eil51.tsp,1000,8,haco_no_local,437.000000,462952.000000,319,7583,1020
tsp/eil51.tsp,1000,9,haco_no_local,441.000000,460873.000000,932,7591,2968
tsp/eil51.tsp,1000,10,haco_no_local,451.000000,466690.000000,48,7624,2062
tsp/eil51.tsp,1000,11,haco_no_local,445.000000,471866.000000,24,7567,2036
tsp/eil51.tsp,1000,12,haco_no_local,454.000000,463708.000000,16,7585,2686
tsp/eil51.tsp,1000,13,haco_no_local,448.000000,465526.500000,80,7578,572
tsp/eil51.tsp,1000,14,haco_no_local,447.000000,464304.500000,86,7579,1613
tsp/eil51.tsp,1000,15,haco_no_local,439.000000,463079.500000,73,7675,1916
tsp/eil51.tsp,1000,16,haco_no_local,454.000000,463241.500000,65,7572,1611
tsp/eil51.tsp,1000,17,haco_no_local,444.000000,502272.000000,14,7608,1008
tsp/eil51.tsp,1000,18,haco_no_local,438.000000,462441.500000,83,7530,219
tsp/eil51.tsp,1000,19,haco_no_local,448.000000,469100.000000,229,7692,3018
tsp/eil51.tsp,1000,20,haco_no_local,449.000000,460969.500000,138,7624,788
tsp/eil51.tsp,500,1,haco_no_local,448.000000,252482.500000,32,3774,211
tsp/eil51.tsp,500,2,haco_no_local,448.000000,248512.000000,15,3759,2589
tsp/eil51.tsp,500,3,haco_no_local,437.000000,239453.500000,233,3774,1855
tsp/eil51.tsp,500,4,haco_no_local,454.000000,233231.000000,37,3778,3100
tsp/eil51.tsp,500,5,haco_no_local,451.000000,248251.000000,77,3755,2295
tsp/eil51.tsp,500,6,haco_no_local,447.000000,231143.500000,22,3808,2802
tsp/eil51.tsp,500,7,haco_no_local,462.000000,254293.500000,11,3807,1569
tsp/eil51.tsp,500,8,haco_no_local,442.000000,233718.500000,416,3799,2035
tsp/eil51.tsp,500,9,haco_no_local,447.000000,235805.000000,58,3775,2034
tsp/eil51.tsp,500,10,haco_no_local,469.000000,251944.000000,31,3802,2755
tsp/eil51.tsp,500,11,haco_no_local,440.000000,250281.500000,466,3791,753
tsp/eil51.tsp,500,12,haco_no_local,456.000000,249338.000000,29,3762,824
tsp/eil51.tsp,500,13,haco_no_local,449.000000,246745.000000,356,3757,2364
tsp/eil51.tsp,500,14,haco_no_local,449.000000,232481.500000,298,3784,3183
tsp/eil51.tsp,500,15,haco_no_local,456.000000,248728.000000,129,3780,2777
tsp/eil51.tsp,500,16,haco_no_local,441.000000,230080.500000,19,3770,2383
tsp/eil51.tsp,500,17,haco_no_local,446.000000,243176.500000,474,3787,2883
tsp/eil51.tsp,500,18,haco_no_local,453.000000,234172.000000,110,3792,1526
tsp/eil51.tsp,500,19,haco_no_local,450.000000,233741.000000,47,3786,3003
tsp/eil51.tsp,500,20,haco_no_local,448.000000,247073.000000,69,3770,2384
tsp/eil51.tsp,800,1,haco_no_local,452.000000,368026.500000,611,6088,273
tsp/eil51.tsp,800,2,haco_no_local,455.000000,411632.500000,16,6144,2629
tsp/eil51.tsp,800,3,haco_no_local,460.000000,401106.000000,34,6069,1851
tsp/eil51.tsp,800,4,haco_no_local,460.000000,402889.000000,42,6139,891
tsp/eil51.tsp,800,5,haco_no_local,448.000000,364084.000000,565,6077,2035
tsp/eil51.tsp,800,6,haco_no_local,447.000000,380450.000000,282,6059,1934
tsp/eil51.tsp,800,7,haco_no_local,452.000000,368121.500000,748,6040,1957
tsp/eil51.tsp,800,8,haco_no_local,443.000000,370663.000000,329,6006,672
tsp/eil51.tsp,800,9,haco_no_local,459.000000,394879.000000,80,6052,2714
tsp/eil51.tsp,800,10,haco_no_local,443.000000,370639.500000,12,6061,3062
tsp/eil51.tsp,800,11,haco_no_local,453.000000,372892.500000,516,6024,2775
tsp/eil51.tsp,800,12,haco_no_local,447.000000,372036.500000,92,6078,259
tsp/eil51.tsp,800,13,haco_no_local,445.000000,364221.500000,171,6074,263
tsp/eil51.tsp,800,14,haco_no_local,454.000000,380237.000000,29,6107,2233
tsp/eil51.tsp,800,15,haco_no_local,447.000000,368570.000000,145,6126,159
tsp/eil51.tsp,800,16,haco_no_local,460.000000,402289.000000,28,6085,3046
tsp/eil51.tsp,800,17,haco_no_local,451.000000,404524.000000,9,6057,580
tsp/eil51.tsp,800,18,haco_no_local,456.000000,394150.000000,8,6072,1154
tsp/eil51.tsp,800,19,haco_no_local,449.000000,375406.000000,567,6038,1013
tsp/eil51.tsp,800,20,haco_no_local,453.000000,374912.000000,63,6005,1046
tsp/eil51.tsp,1000,1,haco_with_local,430.000000,456758.500000,10,8963,1143
tsp/eil51.tsp,1000,2,haco_with_local,429.000000,485336.000000,135,9143,1634
tsp/eil51.tsp,1000,3,haco_with_local,428.000000,447905.000000,5,8699,2567
tsp/eil51.tsp,1000,4,haco_with_local,428.000000,481504.500000,965,9170,1322
tsp/eil51.tsp,1000,5,haco_with_local,427.000000,480565.000000,410,9201,1169
tsp/eil51.tsp,1000,6,haco_with_local,426.000000,463168.500000,575,8997,2096
tsp/eil51.tsp,1000,7,haco_with_local,429.000000,454921.500000,40,9015,2156
tsp/eil51.tsp,1000,8,haco_with_local,429.000000,471928.500000,435,9052,2217
tsp/eil51.tsp,1000,9,haco_with_local,430.000000,454319.500000,625,8984,1377
tsp/eil51.tsp,1000,10,haco_with_local,429.000000,477934.500000,105,9108,1476
tsp/eil51.tsp,1000,11,haco_with_local,426.000000,457841.000000,90,8888,390
tsp/eil51.tsp,1000,12,haco_with_local,428.000000,476306.500000,260,9045,537
tsp/eil51.tsp,1000,13,haco_with_local,428.000000,466061.000000,830,9025,1170
tsp/eil51.tsp,1000,14,haco_with_local,428.000000,467961.000000,20,9010,2945
tsp/eil51.tsp,1000,15,haco_with_local,428.000000,478476.000000,105,9094,3103
tsp/eil51.tsp,1000,16,haco_with_local,429.000000,459721.500000,715,8904,606
tsp/eil51.tsp,1000,17,haco_with_local,429.000000,465260.500000,260,8906,1574
tsp/eil51.tsp,1000,18,haco_with_local,429.000000,485820.500000,125,9218,1208
tsp/eil51.tsp,1000,19,haco_with_local,430.000000,455951.000000,750,8952,563
tsp/eil51.tsp,1000,20,haco_with_local,430.000000,455067.500000,175,8991,3122
tsp/eil51.tsp,500,1,haco_with_local,428.000000,230844.500000,250,4508,2632
tsp/eil51.tsp,500,2,haco_with_local,427.000000,231073.000000,290,4467,2336
tsp/eil51.tsp,500,3,haco_with_local,430.000000,232539.500000,355,4519,2362
tsp/eil51.tsp,500,4,haco_with_local,429.000000,240829.500000,225,4638,1250
tsp/eil51.tsp,500,5,haco_with_local,427.000000,233049.000000,70,4472,2093
tsp/eil51.tsp,500,6,haco_with_local,430.000000,224204.000000,90,4415,2723
tsp/eil51.tsp,500,7,haco_with_local,426.000000,233663.500000,180,4520,909
tsp/eil51.tsp,500,8,haco_with_local,429.000000,240182.000000,105,4588,2023
tsp/eil51.tsp,500,9,haco_with_local,431.000000,228217.500000,95,4446,1911
tsp/eil51.tsp,500,10,haco_with_local,430.000000,227795.000000,50,4511,2168
tsp/eil51.tsp,500,11,haco_with_local,426.000000,231928.500000,320,4505,512
tsp/eil51.tsp,500,12,haco_with_local,431.000000,228751.000000,90,4484,1352
tsp/eil51.tsp,500,13,haco_with_local,429.000000,239533.000000,355,4583,294
tsp/eil51.tsp,500,14,haco_with_local,429.000000,244688.500000,90,4629,1291
tsp/eil51.tsp,500,15,haco_with_local,429.000000,237202.000000,380,4564,2816
tsp/eil51.tsp,500,16,haco_with_local,428.000000,240191.000000,90,4609,1672
tsp/eil51.tsp,500,17,haco_with_local,429.000000,239557.000000,335,4520,1947
tsp/eil51.tsp,500,18,haco_with_local,428.000000,227683.000000,70,4456,1101
tsp/eil51.tsp,500,19,haco_with_local,430.000000,232244.500000,25,4552,1076
tsp/eil51.tsp,500,20,haco_with_local,430.000000,226467.000000,0,4484,1721
tsp/eil51.tsp,800,1,haco_with_local,430.000000,371868.500000,80,7172,1175
tsp/eil51.tsp,800,2,haco_with_local,430.000000,369463.500000,235,7152,1794
tsp/eil51.tsp,800,3,haco_with_local,428.000000,366778.000000,335,7121,1114
tsp/eil51.tsp,800,4,haco_with_local,429.000000,385562.500000,145,7317,2094
tsp/eil51.tsp,800,5,haco_with_local,430.000000,362244.000000,30,7050,1905
tsp/eil51.tsp,800,6,haco_with_local,426.000000,366626.500000,10,7134,173
tsp/eil51.tsp,800,7,haco_with_local,429.000000,369468.000000,40,7186,1382
tsp/eil51.tsp,800,8,haco_with_local,430.000000,369401.000000,50,7218,282
tsp/eil51.tsp,800,9,haco_with_local,431.000000,365102.000000,115,7095,1675
tsp/eil51.tsp,800,10,haco_with_local,429.000000,373756.500000,85,7256,3062
tsp/eil51.tsp,800,11,haco_with_local,430.000000,376345.500000,170,7120,996
tsp/eil51.tsp,800,12,haco_with_local,429.000000,368776.000000,65,7313,808
tsp/eil51.tsp,800,13,haco_with_local,431.000000,363740.500000,145,7128,1389
tsp/eil51.tsp,800,14,haco_with_local,428.000000,390531.000000,110,7439,2567
tsp/eil51.tsp,800,15,haco_with_local,429.000000,367107.000000,80,7154,2640
tsp/eil51.tsp,800,16,haco_with_local,430.000000,374067.000000,10,7206,1760
tsp/eil51.tsp,800,17,haco_with_local,428.000000,386872.000000,5,7265,570
tsp/eil51.tsp,800,18,haco_with_local,428.000000,368453.000000,505,7124,1855
tsp/eil51.tsp,800,19,haco_with_local,428.000000,363229.500000,685,7069,2607
tsp/eil51.tsp,800,20,haco_with_local,428.000000,382769.500000,135,7320,2801
tsp/eil51.tsp,1000,1,aco,448.000000,493663.000000,40,6941,422
tsp/eil51.tsp,1000,2,aco,443.000000,462622.000000,43,6956,574
tsp/eil51.tsp,1000,3,aco,450.000000,482385.500000,477,6917,1629
tsp/eil51.tsp,1000,4,aco,444.000000,461720.500000,366,6938,2494
tsp/eil51.tsp,1000,5,aco,442.000000,462024.500000,846,6969,1021
tsp/eil51.tsp,1000,6,aco,440.000000,489501.500000,62,6946,1893
tsp/eil51.tsp,1000,7,aco,447.000000,484517.500000,91,6907,1540
tsp/eil51.tsp,1000,8,aco,447.000000,466271.000000,46,6931,2319
tsp/eil51.tsp,1000,9,aco,442.000000,464242.500000,426,6941,1146
tsp/eil51.tsp,1000,10,aco,439.000000,463087.000000,45,6919,708
tsp/eil51.tsp,1000,11,aco,444.000000,463193.000000,463,6948,1830
tsp/eil51.tsp,1000,12,aco,443.000000,462482.000000,748,6954,1549
tsp/eil51.tsp,1000,13,aco,444.000000,462786.500000,932,6973,1581
tsp/eil51.tsp,1000,14,aco,454.000000,497306.000000,100,6936,369
tsp/eil51.tsp,1000,15,aco,459.000000,497264.500000,760,6945,1880
tsp/eil51.tsp,1000,16,aco,442.000000,464641.500000,45,6961,1299
tsp/eil51.tsp,1000,17,aco,442.000000,461883.500000,339,6940,2327
tsp/eil51.tsp,1000,18,aco,445.000000,462137.500000,46,6940,1364
tsp/eil51.tsp,1000,19,aco,453.000000,489142.000000,291,6949,3052
tsp/eil51.tsp,1000,20,aco,437.000000,462171.500000,19,6957,1447
tsp/eil51.tsp,500,1,aco,447.000000,235795.000000,304,3514,2353
tsp/eil51.tsp,500,2,aco,453.000000,243987.000000,384,3493,1484
tsp/eil51.tsp,500,3,aco,447.000000,230915.500000,75,3515,746
tsp/eil51.tsp,500,4,aco,442.000000,231772.000000,227,3531,471
tsp/eil51.tsp,500,5,aco,454.000000,247452.500000,27,3500,993
tsp/eil51.tsp,500,6,aco,442.000000,231005.500000,61,3520,3113
tsp/eil51.tsp,500,7,aco,451.000000,246254.000000,23,3527,1006
tsp/eil51.tsp,500,8,aco,447.000000,231261.500000,122,3516,3178
tsp/eil51.tsp,500,9,aco,460.000000,248120.500000,29,3526,586
tsp/eil51.tsp,500,10,aco,450.000000,244879.500000,80,3516,1755
tsp/eil51.tsp,500,11,aco,447.000000,231518.000000,51,3526,2899
tsp/eil51.tsp,500,12,aco,453.000000,232519.000000,106,3525,1896
tsp/eil51.tsp,500,13,aco,446.000000,231056.000000,85,3527,956
tsp/eil51.tsp,500,14,aco,450.000000,231346.000000,30,3541,524
tsp/eil51.tsp,500,15,aco,459.000000,246038.500000,33,3521,1296
tsp/eil51.tsp,500,16,aco,446.000000,231591.500000,10,3526,1861
tsp/eil51.tsp,500,17,aco,444.000000,233130.500000,175,3535,2467
tsp/eil51.tsp,500,18,aco,449.000000,231271.500000,63,3520,1328
tsp/eil51.tsp,500,19,aco,449.000000,231544.500000,125,3518,2082
tsp/eil51.tsp,500,20,aco,447.000000,231869.500000,169,3493,760
tsp/eil51.tsp,800,1,aco,443.000000,370121.500000,41,5615,386
tsp/eil51.tsp,800,2,aco,450.000000,369905.500000,149,5601,1292
tsp/eil51.tsp,800,3,aco,448.000000,371792.000000,99,5581,1238
tsp/eil51.tsp,800,4,aco,440.000000,373691.500000,421,5579,884
tsp/eil51.tsp,800,5,aco,439.000000,392942.500000,15,5585,768
tsp/eil51.tsp,800,6,aco,442.000000,370213.500000,70,5586,948
tsp/eil51.tsp,800,7,aco,449.000000,371524.000000,236,5561,197
tsp/eil51.tsp,800,8,aco,455.000000,393648.500000,40,5536,2015
tsp/eil51.tsp,800,9,aco,440.000000,389900.500000,524,5565,3142
tsp/eil51.tsp,800,10,aco,443.000000,395507.500000,29,5554,2980
tsp/eil51.tsp,800,11,aco,443.000000,370824.000000,102,5590,1981
tsp/eil51.tsp,800,12,aco,452.000000,370149.000000,313,5588,2053
tsp/eil51.tsp,800,13,aco,443.000000,370619.500000,28,5599,2700
tsp/eil51.tsp,800,14,aco,450.000000,370176.500000,96,5580,1833
tsp/eil51.tsp,800,15,aco,450.000000,374321.500000,624,5576,2918
tsp/eil51.tsp,800,16,aco,442.000000,371245.000000,138,5579,2541
tsp/eil51.tsp,800,17,aco,449.000000,370558.500000,484,5577,2388
tsp/eil51.tsp,800,18,aco,443.000000,370352.500000,252,5601,2076
tsp/eil51.tsp,800,19,aco,442.000000,369936.000000,328,5558,2503
tsp/eil51.tsp,800,20,aco,449.000000,386995.500000,38,5601,1722
tsp/berlin52.tsp,1000,1,haco_no_local,7679.000000,8260331.500000,40,8156,2328
tsp/berlin52.tsp,1000,2,haco_no_local,7790.000000,9055134.500000,20,8206,988
tsp/berlin52.tsp,1000,3,haco_no_local,7662.000000,8321535.000000,459,8038,424
tsp/berlin52.tsp,1000,4,haco_no_local,7704.000000,8390661.500000,814,7984,1660
tsp/berlin52.tsp,1000,5,haco_no_local,7679.000000,8431984.500000,362,8030,409
tsp/berlin52.tsp,1000,6,haco_no_local,7580.000000,8315195.500000,357,7996,2685
tsp/berlin52.tsp,1000,7,haco_no_local,7662.000000,8357502.500000,589,7970,2381
tsp/berlin52.tsp,1000,8,haco_no_local,7662.000000,8356407.500000,172,8114,3156
tsp/berlin52.tsp,1000,9,haco_no_local,7679.000000,8304550.000000,147,7988,692
tsp/berlin52.tsp,1000,10,haco_no_local,7679.000000,8383628.000000,287,8011,800
tsp/berlin52.tsp,1000,11,haco_no_local,7685.000000,8598908.500000,22,8142,1185
tsp/berlin52.tsp,1000,12,haco_no_local,7665.000000,8378598.000000,151,7996,2614
tsp/berlin52.tsp,1000,13,haco_no_local,7676.000000,8494785.500000,25,8122,1492
tsp/berlin52.tsp,1000,14,haco_no_local,7686.000000,8370989.500000,946,7952,884
tsp/berlin52.tsp,1000,15,haco_no_local,7679.000000,8379182.500000,585,8079,1060
tsp/berlin52.tsp,1000,16,haco_no_local,7679.000000,8378350.500000,72,8040,1873
tsp/berlin52.tsp,1000,17,haco_no_local,7676.000000,8337872.000000,557,8037,2410
tsp/berlin52.tsp,1000,18,haco_no_local,7679.000000,8456264.000000,899,7992,2675
tsp/berlin52.tsp,1000,19,haco_no_local,7679.000000,8260110.000000,89,7945,2398
tsp/berlin52.tsp,1000,20,haco_no_local,7679.000000,8435253.500000,57,8158,1507
tsp/berlin52.tsp,500,1,haco_no_local,7679.000000,4279169.000000,14,4019,2642
tsp/berlin52.tsp,500,2,haco_no_local,7679.000000,4133807.000000,39,3997,3092
tsp/berlin52.tsp,500,3,haco_no_local,7685.000000,4167105.000000,351,4031,3065
tsp/berlin52.tsp,500,4,haco_no_local,7679.000000,4086329.000000,92,4016,3140
tsp/berlin52.tsp,500,5,haco_no_local,7685.000000,4314438.000000,87,4022,329
tsp/berlin52.tsp,500,6,haco_no_local,7679.000000,4160155.500000,313,4026,1154
tsp/berlin52.tsp,500,7,haco_no_local,7679.000000,4167523.500000,67,4036,1674
tsp/berlin52.tsp,500,8,haco_no_local,7668.000000,4028202.000000,277,4048,2841
tsp/berlin52.tsp,500,9,haco_no_local,7658.000000,4178330.500000,141,4034,2569
tsp/berlin52.tsp,500,10,haco_no_local,7662.000000,4166947.500000,385,4023,423
tsp/berlin52.tsp,500,11,haco_no_local,7685.000000,4147824.500000,276,4032,1747
tsp/berlin52.tsp,500,12,haco_no_local,7703.000000,4220091.500000,106,4009,1296
tsp/berlin52.tsp,500,13,haco_no_local,7679.000000,4161598.000000,57,4036,175
tsp/berlin52.tsp,500,14,haco_no_local,7679.000000,4155001.500000,75,4022,744
tsp/berlin52.tsp,500,15,haco_no_local,7668.000000,4128064.000000,192,4028,958
tsp/berlin52.tsp,500,16,haco_no_local,7679.000000,4190008.500000,26,4001,1642
tsp/berlin52.tsp,500,17,haco_no_local,7679.000000,4112697.000000,135,4010,1461
tsp/berlin52.tsp,500,18,haco_no_local,7593.000000,4199040.500000,284,4038,746
tsp/berlin52.tsp,500,19,haco_no_local,7679.000000,4169724.500000,244,4030,1896
tsp/berlin52.tsp,500,20,haco_no_local,7790.000000,4180488.500000,13,4003,1376
tsp/berlin52.tsp,800,1,haco_no_local,7839.000000,6863566.000000,22,6422,1800
tsp/berlin52.tsp,800,2,haco_no_local,7676.000000,6601991.000000,361,6408,196
tsp/berlin52.tsp,800,3,haco_no_local,7679.000000,6628300.500000,217,6448,1562
tsp/berlin52.tsp,800,4,haco_no_local,7668.000000,6652467.000000,18,6393,2763
tsp/berlin52.tsp,800,5,haco_no_local,7668.000000,6512750.000000,137,6417,1717
tsp/berlin52.tsp,800,6,haco_no_local,7679.000000,6721628.500000,28,6442,1964
tsp/berlin52.tsp,800,7,haco_no_local,7679.000000,6819882.000000,14,6409,405
tsp/berlin52.tsp,800,8,haco_no_local,7657.000000,6677247.000000,780,6405,534
tsp/berlin52.tsp,800,9,haco_no_local,7547.000000,6711700.500000,169,6415,142
tsp/berlin52.tsp,800,10,haco_no_local,7679.000000,6656489.000000,35,6441,2095
tsp/berlin52.tsp,800,11,haco_no_local,7547.000000,6635209.000000,266,6438,3072
tsp/berlin52.tsp,800,12,haco_no_local,7679.000000,6692475.000000,51,6494,1925
tsp/berlin52.tsp,800,13,haco_no_local,7679.000000,6703579.500000,652,6404,1034
tsp/berlin52.tsp,800,14,haco_no_local,7679.000000,6676740.000000,202,6419,1237
tsp/berlin52.tsp,800,15,haco_no_local,7547.000000,6599559.500000,341,6429,463
tsp/berlin52.tsp,800,16,haco_no_local,7696.000000,6697381.000000,674,6422,528
tsp/berlin52.tsp,800,17,haco_no_local,7679.000000,6642666.000000,44,6484,1964
tsp/berlin52.tsp,800,18,haco_no_local,7679.000000,6675267.500000,534,6419,2204
tsp/berlin52.tsp,800,19,haco_no_local,7679.000000,6596670.500000,159,6390,1308
tsp/berlin52.tsp,800,20,haco_no_local,7668.000000,6669253.000000,559,6409,3036
tsp/berlin52.tsp,1000,1,haco_with_local,7542.000000,8344981.000000,200,9040,1416
tsp/berlin52.tsp,1000,2,haco_with_local,7542.000000,8236563.000000,30,8858,2504
tsp/berlin52.tsp,1000,3,haco_with_local,7542.000000,8210457.000000,20,8994,2206
tsp/berlin52.tsp,1000,4,haco_with_local,7542.000000,8219432.500000,205,8870,1728
tsp/berlin52.tsp,1000,5,haco_with_local,7542.000000,8354383.500000,115,8925,1460
tsp/berlin52.tsp,1000,6,haco_with_local,7542.000000,8260890.000000,0,8851,1677
tsp/berlin52.tsp,1000,7,haco_with_local,7542.000000,8260503.500000,135,8852,1050
tsp/berlin52.tsp,1000,8,haco_with_local,7542.000000,8266568.500000,145,8981,1342
tsp/berlin52.tsp,1000,9,haco_with_local,7542.000000,8206382.500000,0,8844,1586
tsp/berlin52.tsp,1000,10,haco_with_local,7542.000000,8222435.000000,35,8836,1120
tsp/berlin52.tsp,1000,11,haco_with_local,7542.000000,8265132.000000,240,8911,1017
tsp/berlin52.tsp,1000,12,haco_with_local,7542.000000,8256902.000000,55,8952,3045
tsp/berlin52.tsp,1000,13,haco_with_local,7542.000000,8254808.500000,150,8875,659
tsp/berlin52.tsp,1000,14,haco_with_local,7542.000000,8281644.500000,0,8990,1054
tsp/berlin52.tsp,1000,15,haco_with_local,7542.000000,8267464.500000,100,8848,2346
tsp/berlin52.tsp,1000,16,haco_with_local,7542.000000,8276628.500000,45,8959,651
tsp/berlin52.tsp,1000,17,haco_with_local,7542.000000,8202428.000000,60,8875,1004
tsp/berlin52.tsp,1000,18,haco_with_local,7542.000000,8242471.000000,270,8896,394
tsp/berlin52.tsp,1000,19,haco_with_local,7542.000000,8271905.000000,330,8897,2864
tsp/berlin52.tsp,1000,20,haco_with_local,7542.000000,8251435.500000,40,8847,3126
tsp/berlin52.tsp,500,1,haco_with_local,7542.000000,4170621.000000,40,4478,2175
tsp/berlin52.tsp,500,2,haco_with_local,7542.000000,4151042.000000,95,4432,1518
tsp/berlin52.tsp,500,3,haco_with_local,7542.000000,4108499.000000,25,4447,736
tsp/berlin52.tsp,500,4,haco_with_local,7542.000000,4116694.500000,50,4452,1348
tsp/berlin52.tsp,500,5,haco_with_local,7542.000000,4105461.000000,100,4456,1997
tsp/berlin52.tsp,500,6,haco_with_local,7542.000000,4116571.000000,280,4432,1519
tsp/berlin52.tsp,500,7,haco_with_local,7542.000000,4160210.000000,45,4501,1833
tsp/berlin52.tsp,500,8,haco_with_local,7542.000000,4177685.000000,15,4482,2143
tsp/berlin52.tsp,500,9,haco_with_local,7542.000000,4134693.000000,50,4500,1554
tsp/berlin52.tsp,500,10,haco_with_local,7542.000000,4031698.500000,10,4472,1236
tsp/berlin52.tsp,500,11,haco_with_local,7542.000000,4119364.000000,110,4474,664
tsp/berlin52.tsp,500,12,haco_with_local,7542.000000,4110602.000000,50,4500,134
tsp/berlin52.tsp,500,13,haco_with_local,7542.000000,4123518.000000,60,4473,3050
tsp/berlin52.tsp,500,14,haco_with_local,7542.000000,4118162.000000,190,4518,2719
tsp/berlin52.tsp,500,15,haco_with_local,7542.000000,4085548.000000,190,4464,838
tsp/berlin52.tsp,500,16,haco_with_local,7542.000000,4088562.500000,165,4454,839
tsp/berlin52.tsp,500,17,haco_with_local,7542.000000,4210779.500000,40,4539,2130
tsp/berlin52.tsp,500,18,haco_with_local,7542.000000,4114843.500000,80,4476,2273
tsp/berlin52.tsp,500,19,haco_with_local,7542.000000,4156854.500000,35,4494,1071
tsp/berlin52.tsp,500,20,haco_with_local,7542.000000,4107483.000000,70,4455,3002
tsp/berlin52.tsp,800,1,haco_with_local,7542.000000,6535278.500000,0,7114,987
tsp/berlin52.tsp,800,2,haco_with_local,7542.000000,6651908.500000,115,7112,1891
tsp/berlin52.tsp,800,3,haco_with_local,7542.000000,6641169.500000,70,7143,2808
tsp/berlin52.tsp,800,4,haco_with_local,7542.000000,6606461.000000,0,7148,1971
tsp/berlin52.tsp,800,5,haco_with_local,7542.000000,6317065.500000,30,7140,1856
tsp/berlin52.tsp,800,6,haco_with_local,7542.000000,6467465.000000,20,7057,3126
tsp/berlin52.tsp,800,7,haco_with_local,7542.000000,6623717.000000,140,7084,812
tsp/berlin52.tsp,800,8,haco_with_local,7542.000000,6617597.000000,265,7119,2949
tsp/berlin52.tsp,800,9,haco_with_local,7542.000000,6621112.500000,450,7141,2757
tsp/berlin52.tsp,800,10,haco_with_local,7542.000000,6330088.000000,85,7216,2741
tsp/berlin52.tsp,800,11,haco_with_local,7542.000000,6595985.000000,10,7088,269
tsp/berlin52.tsp,800,12,haco_with_local,7542.000000,6620241.500000,190,7152,1433
tsp/berlin52.tsp,800,13,haco_with_local,7542.000000,6772577.000000,35,7182,1299
tsp/berlin52.tsp,800,14,haco_with_local,7542.000000,6608746.500000,25,7104,1584
tsp/berlin52.tsp,800,15,haco_with_local,7542.000000,6620945.500000,0,7082,151
tsp/berlin52.tsp,800,16,haco_with_local,7542.000000,6638583.000000,5,7053,1987
tsp/berlin52.tsp,800,17,haco_with_local,7542.000000,6599927.000000,165,7110,692
tsp/berlin52.tsp,800,18,haco_with_local,7542.000000,6574776.000000,35,7106,1871
tsp/berlin52.tsp,800,19,haco_with_local,7542.000000,6513770.000000,10,7084,2069
tsp/berlin52.tsp,800,20,haco_with_local,7542.000000,6586645.000000,90,7079,3053
tsp/berlin52.tsp,1000,1,aco,7547.000000,8201427.500000,671,7297,608
tsp/berlin52.tsp,1000,2,aco,7679.000000,8254260.500000,22,7270,939
tsp/berlin52.tsp,1000,3,aco,7679.000000,8232255.500000,719,7282,1306
tsp/berlin52.tsp,1000,4,aco,7679.000000,8216242.500000,23,7296,2417
tsp/berlin52.tsp,1000,5,aco,7676.000000,8192387.000000,451,7289,293
tsp/berlin52.tsp,1000,6,aco,7679.000000,8259502.000000,485,7310,3152
tsp/berlin52.tsp,1000,7,aco,7547.000000,8198003.000000,592,7321,2596
tsp/berlin52.tsp,1000,8,aco,7668.000000,8215479.000000,113,7295,2539
tsp/berlin52.tsp,1000,9,aco,7662.000000,8204914.500000,895,7282,2267
tsp/berlin52.tsp,1000,10,aco,7569.000000,8226554.500000,753,7311,2320
tsp/berlin52.tsp,1000,11,aco,7679.000000,8208560.500000,45,7304,2340
tsp/berlin52.tsp,1000,12,aco,7665.000000,8213229.000000,93,7309,1907
tsp/berlin52.tsp,1000,13,aco,7679.000000,8194788.500000,204,7302,2728
tsp/berlin52.tsp,1000,14,aco,7547.000000,8229629.000000,227,7310,1757
tsp/berlin52.tsp,1000,15,aco,7662.000000,8200999.500000,217,7314,2840
tsp/berlin52.tsp,1000,16,aco,7665.000000,8247190.000000,178,7297,192
tsp/berlin52.tsp,1000,17,aco,7685.000000,8232090.500000,104,7247,1893
tsp/berlin52.tsp,1000,18,aco,7685.000000,8250608.500000,281,7265,2944
tsp/berlin52.tsp,1000,19,aco,7547.000000,8202911.500000,446,7328,2787
tsp/berlin52.tsp,1000,20,aco,7668.000000,8199818.000000,70,7293,1767
tsp/berlin52.tsp,500,1,aco,7682.000000,4122593.000000,232,3725,1360
tsp/berlin52.tsp,500,2,aco,7662.000000,4095132.500000,101,3701,2346
tsp/berlin52.tsp,500,3,aco,7668.000000,4110490.500000,71,3688,689
tsp/berlin52.tsp,500,4,aco,7712.000000,4122190.500000,382,3704,941
tsp/berlin52.tsp,500,5,aco,7795.000000,4114899.500000,336,3670,1027
tsp/berlin52.tsp,500,6,aco,7662.000000,4096883.000000,13,3701,2226
tsp/berlin52.tsp,500,7,aco,7685.000000,4117155.500000,265,3702,572
tsp/berlin52.tsp,500,8,aco,7679.000000,4082742.500000,215,3695,2108
tsp/berlin52.tsp,500,9,aco,7679.000000,4101133.000000,64,3716,360
tsp/berlin52.tsp,500,10,aco,7662.000000,4106019.000000,267,3691,1184
tsp/berlin52.tsp,500,11,aco,7679.000000,4096662.500000,107,3707,2035
tsp/berlin52.tsp,500,12,aco,7679.000000,4089479.000000,69,3683,2746
tsp/berlin52.tsp,500,13,aco,7774.000000,4113971.000000,275,3716,517
tsp/berlin52.tsp,500,14,aco,7679.000000,4101637.500000,42,3700,3104
tsp/berlin52.tsp,500,15,aco,7662.000000,4090971.000000,63,3721,2590
tsp/berlin52.tsp,500,16,aco,7756.000000,4117874.500000,278,3727,3080
tsp/berlin52.tsp,500,17,aco,7679.000000,4113963.500000,132,3705,988
tsp/berlin52.tsp,500,18,aco,7679.000000,4094101.000000,25,3712,2233
tsp/berlin52.tsp,500,19,aco,7662.000000,4084515.000000,435,3731,1609
tsp/berlin52.tsp,500,20,aco,7662.000000,4105858.000000,249,3707,1866
tsp/berlin52.tsp,800,1,aco,7662.000000,6545730.500000,746,5902,1646
tsp/berlin52.tsp,800,2,aco,7547.000000,6541169.500000,395,5880,505
tsp/berlin52.tsp,800,3,aco,7662.000000,6553561.500000,439,5884,2822
tsp/berlin52.tsp,800,4,aco,7662.000000,6568744.000000,9,5858,2784
tsp/berlin52.tsp,800,5,aco,7679.000000,6556708.000000,156,5863,303
tsp/berlin52.tsp,800,6,aco,7662.000000,6561351.500000,478,5858,1006
tsp/berlin52.tsp,800,7,aco,7679.000000,6564261.500000,270,5859,1736
tsp/berlin52.tsp,800,8,aco,7679.000000,6587222.500000,98,5873,2121
tsp/berlin52.tsp,800,9,aco,7679.000000,6559483.000000,267,5843,3155
tsp/berlin52.tsp,800,10,aco,7547.000000,6550860.000000,147,5848,2741
tsp/berlin52.tsp,800,11,aco,7662.000000,6553755.000000,93,5879,1773
tsp/berlin52.tsp,800,12,aco,7627.000000,6578153.500000,108,5859,849
tsp/berlin52.tsp,800,13,aco,7662.000000,6573482.000000,14,5851,1857
tsp/berlin52.tsp,800,14,aco,7679.000000,6558909.500000,123,5855,1003
tsp/berlin52.tsp,800,15,aco,7679.000000,6566308.500000,20,5871,2400
tsp/berlin52.tsp,800,16,aco,7615.000000,6586022.000000,764,5886,398
tsp/berlin52.tsp,800,17,aco,7682.000000,6581099.500000,584,5839,1695
tsp/berlin52.tsp,800,18,aco,7685.000000,6587991.500000,172,5827,1691
tsp/berlin52.tsp,800,19,aco,7679.000000,6573364.500000,258,5840,2683
tsp/berlin52.tsp,800,20,aco,7662.000000,6580183.500000,20,5842,275
tsp/eil76.tsp,1000,1,haco_no_local,571.000000,593199.000000,179,25087,1261
tsp/eil76.tsp,1000,2,haco_no_local,566.000000,616275.500000,201,25397,2395
tsp/eil76.tsp,1000,3,haco_no_local,571.000000,586153.500000,37,25369,1081
tsp/eil76.tsp,1000,4,haco_no_local,567.000000,594513.000000,42,25018,1099
tsp/eil76.tsp,1000,5,haco_no_local,568.000000,592279.500000,63,25111,1311
tsp/eil76.tsp,1000,6,haco_no_local,567.000000,597515.500000,449,24806,1035
tsp/eil76.tsp,1000,7,haco_no_local,569.000000,609218.000000,358,24900,1985
tsp/eil76.tsp,1000,8,haco_no_local,564.000000,596855.500000,145,24723,748
tsp/eil76.tsp,1000,9,haco_no_local,567.000000,594177.500000,255,24931,841
tsp/eil76.tsp,1000,10,haco_no_local,567.000000,620169.000000,15,25071,1306
tsp/eil76.tsp,1000,11,haco_no_local,566.000000,608757.500000,63,25056,833
tsp/eil76.tsp,1000,12,haco_no_local,568.000000,602125.000000,44,25118,983
tsp/eil76.tsp,1000,13,haco_no_local,565.000000,588390.000000,309,24814,947
tsp/eil76.tsp,1000,14,haco_no_local,565.000000,599078.000000,126,24910,2455
tsp/eil76.tsp,1000,15,haco_no_local,568.000000,602940.500000,33,25277,575
tsp/eil76.tsp,1000,16,haco_no_local,568.000000,582257.000000,52,25008,1945
tsp/eil76.tsp,1000,17,haco_no_local,568.000000,618652.000000,120,25164,2573
tsp/eil76.tsp,1000,18,haco_no_local,568.000000,604599.000000,11,25344,2786
tsp/eil76.tsp,1000,19,haco_no_local,567.000000,588006.000000,42,25155,1824
tsp/eil76.tsp,1000,20,haco_no_local,565.000000,604227.500000,347,25001,2105
tsp/eil76.tsp,500,1,haco_no_local,573.000000,301539.000000,21,12446,2341
tsp/eil76.tsp,500,2,haco_no_local,564.000000,297123.500000,213,12413,1602
tsp/eil76.tsp,500,3,haco_no_local,568.000000,301575.000000,118,12437,787
tsp/eil76.tsp,500,4,haco_no_local,573.000000,301370.500000,20,12450,1304
tsp/eil76.tsp,500,5,haco_no_local,565.000000,299327.500000,40,12142,1239
tsp/eil76.tsp,500,6,haco_no_local,574.000000,298322.500000,39,12099,1931
tsp/eil76.tsp,500,7,haco_no_local,576.000000,296972.000000,24,12103,1189
tsp/eil76.tsp,500,8,haco_no_local,565.000000,297593.000000,25,12039,1060
tsp/eil76.tsp,500,9,haco_no_local,568.000000,298403.500000,59,12058,2216
tsp/eil76.tsp,500,10,haco_no_local,568.000000,294017.000000,190,12044,2156
tsp/eil76.tsp,500,11,haco_no_local,568.000000,297322.000000,83,12071,2686
tsp/eil76.tsp,500,12,haco_no_local,568.000000,292596.500000,60,12034,1175
tsp/eil76.tsp,500,13,haco_no_local,565.000000,297789.500000,34,11996,1542
tsp/eil76.tsp,500,14,haco_no_local,566.000000,301992.500000,37,12067,821
tsp/eil76.tsp,500,15,haco_no_local,568.000000,296647.000000,70,12059,2450
tsp/eil76.tsp,500,16,haco_no_local,566.000000,294614.000000,203,12095,1619
tsp/eil76.tsp,500,17,haco_no_local,565.000000,295440.000000,153,12082,2104
tsp/eil76.tsp,500,18,haco_no_local,577.000000,296045.500000,13,12161,2453
tsp/eil76.tsp,500,19,haco_no_local,567.000000,298748.500000,220,12124,1148
tsp/eil76.tsp,500,20,haco_no_local,565.000000,294311.500000,18,12016,871
tsp/eil76.tsp,800,1,haco_no_local,567.000000,476308.500000,26,19399,1978
tsp/eil76.tsp,800,2,haco_no_local,566.000000,466925.500000,47,19511,886
tsp/eil76.tsp,800,3,haco_no_local,564.000000,471719.000000,11,19495,1872
tsp/eil76.tsp,800,4,haco_no_local,567.000000,484187.000000,62,19874,2465
tsp/eil76.tsp,800,5,haco_no_local,570.000000,472074.500000,171,19469,2373
tsp/eil76.tsp,800,6,haco_no_local,579.000000,480486.500000,25,19592,963
tsp/eil76.tsp,800,7,haco_no_local,560.000000,480173.500000,689,19594,567
tsp/eil76.tsp,800,8,haco_no_local,566.000000,476735.000000,684,19138,1621
tsp/eil76.tsp,800,9,haco_no_local,570.000000,482450.000000,84,19215,1411
tsp/eil76.tsp,800,10,haco_no_local,570.000000,487035.000000,53,19514,1650
tsp/eil76.tsp,800,11,haco_no_local,568.000000,467608.500000,706,19258,316
tsp/eil76.tsp,800,12,haco_no_local,576.000000,503386.500000,33,19501,2701
tsp/eil76.tsp,800,13,haco_no_local,569.000000,496670.500000,44,19477,775
tsp/eil76.tsp,800,14,haco_no_local,568.000000,473005.500000,458,19245,2501
tsp/eil76.tsp,800,15,haco_no_local,562.000000,480312.500000,12,19457,2125
tsp/eil76.tsp,800,16,haco_no_local,567.000000,476054.500000,178,19279,1397
tsp/eil76.tsp,800,17,haco_no_local,566.000000,483740.000000,234,19337,1246
tsp/eil76.tsp,800,18,haco_no_local,570.000000,473831.500000,205,19355,2726
tsp/eil76.tsp,800,19,haco_no_local,564.000000,473753.000000,39,19193,1658
tsp/eil76.tsp,800,20,haco_no_local,564.000000,476719.000000,10,19271,1005
tsp/eil76.tsp,1000,1,haco_with_local,545.000000,591296.000000,820,29650,824
tsp/eil76.tsp,1000,2,haco_with_local,544.000000,589595.000000,45,29514,425
tsp/eil76.tsp,1000,3,haco_with_local,544.000000,586149.000000,15,29736,1655
tsp/eil76.tsp,1000,4,haco_with_local,542.000000,584046.500000,215,30051,2624
tsp/eil76.tsp,1000,5,haco_with_local,545.000000,588749.000000,520,29718,751
tsp/eil76.tsp,1000,6,haco_with_local,541.000000,589569.000000,105,30178,372
tsp/eil76.tsp,1000,7,haco_with_local,544.000000,586512.500000,155,30055,2234
tsp/eil76.tsp,1000,8,haco_with_local,544.000000,587188.500000,460,29576,467
tsp/eil76.tsp,1000,9,haco_with_local,542.000000,586978.000000,190,30337,1660
tsp/eil76.tsp,1000,10,haco_with_local,545.000000,589587.000000,580,29971,856
tsp/eil76.tsp,1000,11,haco_with_local,548.000000,585465.500000,950,30078,2698
tsp/eil76.tsp,1000,12,haco_with_local,549.000000,597564.500000,125,29771,2347
tsp/eil76.tsp,1000,13,haco_with_local,543.000000,583605.500000,25,29581,913
tsp/eil76.tsp,1000,14,haco_with_local,545.000000,580651.000000,75,29248,2145
tsp/eil76.tsp,1000,15,haco_with_local,544.000000,586485.500000,15,29677,1623
tsp/eil76.tsp,1000,16,haco_with_local,542.000000,588144.500000,405,29528,1916
tsp/eil76.tsp,1000,17,haco_with_local,548.000000,596626.500000,30,30098,758
tsp/eil76.tsp,1000,18,haco_with_local,546.000000,592407.000000,595,29735,2748
tsp/eil76.tsp,1000,19,haco_with_local,545.000000,585113.500000,315,29821,998
tsp/eil76.tsp,1000,20,haco_with_local,542.000000,594400.000000,210,30526,801
tsp/eil76.tsp,500,1,haco_with_local,544.000000,294331.000000,125,14669,607
tsp/eil76.tsp,500,2,haco_with_local,546.000000,293083.500000,120,14818,774
tsp/eil76.tsp,500,3,haco_with_local,546.000000,289586.000000,275,14602,1740
tsp/eil76.tsp,500,4,haco_with_local,541.000000,293694.500000,25,14838,1637
tsp/eil76.tsp,500,5,haco_with_local,545.000000,292737.500000,55,14758,1302
tsp/eil76.tsp,500,6,haco_with_local,540.000000,294586.000000,15,14852,903
tsp/eil76.tsp,500,7,haco_with_local,546.000000,295628.000000,395,14888,819
tsp/eil76.tsp,500,8,haco_with_local,543.000000,294180.000000,135,14754,2304
tsp/eil76.tsp,500,9,haco_with_local,547.000000,291950.000000,5,14802,2156
tsp/eil76.tsp,500,10,haco_with_local,544.000000,293299.000000,255,14807,2298
tsp/eil76.tsp,500,11,haco_with_local,546.000000,289023.500000,85,14474,767
tsp/eil76.tsp,500,12,haco_with_local,542.000000,290826.500000,245,14658,414
tsp/eil76.tsp,500,13,haco_with_local,542.000000,291806.000000,35,14768,859
tsp/eil76.tsp,500,14,haco_with_local,548.000000,296057.000000,60,14754,2340
tsp/eil76.tsp,500,15,haco_with_local,541.000000,291454.000000,155,14643,493
tsp/eil76.tsp,500,16,haco_with_local,543.000000,293804.000000,10,14697,430
tsp/eil76.tsp,500,17,haco_with_local,541.000000,290849.500000,105,14699,2327
tsp/eil76.tsp,500,18,haco_with_local,542.000000,294541.000000,425,14892,291
tsp/eil76.tsp,500,19,haco_with_local,547.000000,289836.000000,485,14478,1635
tsp/eil76.tsp,500,20,haco_with_local,545.000000,295154.000000,180,14910,436
tsp/eil76.tsp,800,1,haco_with_local,541.000000,466616.000000,790,23696,2410
tsp/eil76.tsp,800,2,haco_with_local,544.000000,466687.500000,585,23268,670
tsp/eil76.tsp,800,3,haco_with_local,548.000000,468912.000000,160,24000,1303
tsp/eil76.tsp,800,4,haco_with_local,548.000000,468302.500000,30,23709,1535
tsp/eil76.tsp,800,5,haco_with_local,549.000000,480198.500000,5,24235,2428
tsp/eil76.tsp,800,6,haco_with_local,538.000000,469098.000000,215,23846,2138
tsp/eil76.tsp,800,7,haco_with_local,546.000000,461631.500000,185,23104,1734
tsp/eil76.tsp,800,8,haco_with_local,545.000000,472825.000000,25,24025,2714
tsp/eil76.tsp,800,9,haco_with_local,544.000000,468843.500000,295,23428,893
tsp/eil76.tsp,800,10,haco_with_local,548.000000,463510.000000,10,23396,310
tsp/eil76.tsp,800,11,haco_with_local,546.000000,476902.000000,150,24139,2009
tsp/eil76.tsp,800,12,haco_with_local,548.000000,461114.000000,70,23355,644
tsp/eil76.tsp,800,13,haco_with_local,540.000000,468522.000000,785,23589,1937
tsp/eil76.tsp,800,14,haco_with_local,540.000000,471670.500000,105,23628,2624
tsp/eil76.tsp,800,15,haco_with_local,543.000000,465168.000000,65,23561,1359
tsp/eil76.tsp,800,16,haco_with_local,538.000000,469818.000000,475,23676,1975
tsp/eil76.tsp,800,17,haco_with_local,544.000000,465076.000000,125,23847,835
tsp/eil76.tsp,800,18,haco_with_local,543.000000,470231.000000,35,23613,1699
tsp/eil76.tsp,800,19,haco_with_local,547.000000,472388.000000,325,23667,1986
tsp/eil76.tsp,800,20,haco_with_local,547.000000,470706.000000,190,23993,2282
tsp/eil76.tsp,1000,1,aco,563.000000,589628.500000,112,22021,1456
tsp/eil76.tsp,1000,2,aco,563.000000,582796.000000,213,22225,746
tsp/eil76.tsp,1000,3,aco,565.000000,585423.500000,454,22203,1387
tsp/eil76.tsp,1000,4,aco,566.000000,587287.500000,606,22084,1192
tsp/eil76.tsp,1000,5,aco,563.000000,586704.500000,336,21849,740
tsp/eil76.tsp,1000,6,aco,565.000000,587698.000000,476,22059,1552
tsp/eil76.tsp,1000,7,aco,564.000000,582267.000000,265,22114,1490
tsp/eil76.tsp,1000,8,aco,560.000000,584303.500000,870,22107,2412
tsp/eil76.tsp,1000,9,aco,564.000000,586681.500000,772,22037,619
tsp/eil76.tsp,1000,10,aco,565.000000,585053.500000,107,22135,1712
tsp/eil76.tsp,1000,11,aco,561.000000,586253.000000,451,22149,1350
tsp/eil76.tsp,1000,12,aco,561.000000,586359.500000,433,22125,821
tsp/eil76.tsp,1000,13,aco,563.000000,586638.500000,510,22136,1525
tsp/eil76.tsp,1000,14,aco,565.000000,587026.500000,270,21927,616
tsp/eil76.tsp,1000,15,aco,563.000000,585921.500000,259,22251,1725
tsp/eil76.tsp,1000,16,aco,564.000000,587907.000000,300,22110,1791
tsp/eil76.tsp,1000,17,aco,564.000000,588169.500000,487,22094,1444
tsp/eil76.tsp,1000,18,aco,564.000000,586080.500000,252,22024,2063
tsp/eil76.tsp,1000,19,aco,563.000000,587093.500000,745,22173,1400
tsp/eil76.tsp,1000,20,aco,561.000000,586707.000000,316,22192,635
tsp/eil76.tsp,500,1,aco,565.000000,292644.000000,183,11078,1328
tsp/eil76.tsp,500,2,aco,565.000000,294438.500000,122,11050,586
tsp/eil76.tsp,500,3,aco,562.000000,292509.500000,211,10971,577
tsp/eil76.tsp,500,4,aco,565.000000,293172.000000,257,10973,1836
tsp/eil76.tsp,500,5,aco,568.000000,292459.500000,38,11050,2054
tsp/eil76.tsp,500,6,aco,563.000000,294113.500000,20,11032,941
tsp/eil76.tsp,500,7,aco,568.000000,294092.000000,131,11018,1285
tsp/eil76.tsp,500,8,aco,566.000000,293335.000000,426,11020,1030
tsp/eil76.tsp,500,9,aco,565.000000,290632.500000,451,11011,1549
tsp/eil76.tsp,500,10,aco,565.000000,293695.500000,134,10995,932
tsp/eil76.tsp,500,11,aco,567.000000,293498.000000,183,11041,668
tsp/eil76.tsp,500,12,aco,565.000000,293681.000000,318,10942,1195
tsp/eil76.tsp,500,13,aco,565.000000,294382.000000,228,11059,1449
tsp/eil76.tsp,500,14,aco,561.000000,292688.500000,462,11064,751
tsp/eil76.tsp,500,15,aco,565.000000,293898.000000,33,10971,1453
tsp/eil76.tsp,500,16,aco,564.000000,293308.000000,353,11068,2010
tsp/eil76.tsp,500,17,aco,563.000000,292735.000000,243,11012,899
tsp/eil76.tsp,500,18,aco,565.000000,293317.500000,43,11071,485
tsp/eil76.tsp,500,19,aco,565.000000,292733.500000,17,11032,727
tsp/eil76.tsp,500,20,aco,564.000000,293686.000000,166,11057,1472
tsp/eil76.tsp,800,1,aco,565.000000,464942.500000,418,17652,1003
tsp/eil76.tsp,800,2,aco,564.000000,469534.500000,17,17710,1124
tsp/eil76.tsp,800,3,aco,564.000000,469930.500000,77,17700,1181
tsp/eil76.tsp,800,4,aco,562.000000,468178.000000,588,17705,539
tsp/eil76.tsp,800,5,aco,565.000000,470104.000000,631,17680,1584
tsp/eil76.tsp,800,6,aco,564.000000,469426.500000,413,17627,1079
tsp/eil76.tsp,800,7,aco,565.000000,469264.000000,198,17572,865
tsp/eil76.tsp,800,8,aco,564.000000,468521.500000,184,17687,990
tsp/eil76.tsp,800,9,aco,561.000000,469065.000000,640,17618,644
tsp/eil76.tsp,800,10,aco,564.000000,469940.000000,359,17743,1187
tsp/eil76.tsp,800,11,aco,565.000000,470096.500000,179,17700,889
tsp/eil76.tsp,800,12,aco,565.000000,469829.000000,230,17667,1261
tsp/eil76.tsp,800,13,aco,567.000000,470874.000000,219,17658,1133
tsp/eil76.tsp,800,14,aco,564.000000,469123.500000,714,17659,655
tsp/eil76.tsp,800,15,aco,565.000000,468811.000000,29,17658,1252
tsp/eil76.tsp,800,16,aco,558.000000,468625.500000,33,17636,2200
tsp/eil76.tsp,800,17,aco,565.000000,468314.500000,95,17681,952
tsp/eil76.tsp,800,18,aco,565.000000,469374.000000,596,17723,631
tsp/eil76.tsp,800,19,aco,565.000000,469285.500000,570,17608,2501
tsp/eil76.tsp,800,20,aco,564.000000,469219.000000,305,17747,1542
tsp/eil101.tsp,1000,1,haco_no_local,702.000000,732142.000000,198,60106,1229
tsp/eil101.tsp,1000,2,haco_no_local,694.000000,751829.500000,47,60587,1978
tsp/eil101.tsp,1000,3,haco_no_local,690.000000,730983.500000,107,60425,1483
tsp/eil101.tsp,1000,4,haco_no_local,709.000000,732297.500000,355,60044,1040
tsp/eil101.tsp,1000,5,haco_no_local,707.000000,731872.500000,143,61485,2082
tsp/eil101.tsp,1000,6,haco_no_local,697.000000,731866.500000,500,61742,2067
tsp/eil101.tsp,1000,7,haco_no_local,671.000000,778011.000000,10,61034,1729
tsp/eil101.tsp,1000,8,haco_no_local,692.000000,730979.000000,607,60366,795
tsp/eil101.tsp,1000,9,haco_no_local,718.000000,775989.000000,640,60754,2138
tsp/eil101.tsp,1000,10,haco_no_local,709.000000,736063.000000,227,60140,614
tsp/eil101.tsp,1000,11,haco_no_local,689.000000,717086.500000,651,59460,741
tsp/eil101.tsp,1000,12,haco_no_local,696.000000,732472.500000,164,59311,2206
tsp/eil101.tsp,1000,13,haco_no_local,696.000000,742792.500000,652,59752,922
tsp/eil101.tsp,1000,14,haco_no_local,704.000000,712438.000000,303,59763,1455
tsp/eil101.tsp,1000,15,haco_no_local,694.000000,720267.500000,139,59797,609
tsp/eil101.tsp,1000,16,haco_no_local,697.000000,746671.500000,39,60038,1209
tsp/eil101.tsp,1000,17,haco_no_local,701.000000,723265.500000,24,59976,2319
tsp/eil101.tsp,1000,18,haco_no_local,703.000000,719041.500000,157,59591,2522
tsp/eil101.tsp,1000,19,haco_no_local,699.000000,719796.500000,216,59817,751
tsp/eil101.tsp,1000,20,haco_no_local,707.000000,768928.000000,195,59968,1656
tsp/eil101.tsp,500,1,haco_no_local,703.000000,369767.500000,7,57675,633
tsp/eil101.tsp,500,2,haco_no_local,696.000000,359855.000000,122,33873,1665
tsp/eil101.tsp,500,3,haco_no_local,710.000000,378616.000000,145,36178,1135
tsp/eil101.tsp,500,4,haco_no_local,719.000000,378286.000000,22,33926,1562
tsp/eil101.tsp,500,5,haco_no_local,701.000000,363523.000000,91,34468,1422
tsp/eil101.tsp,500,6,haco_no_local,706.000000,363256.500000,11,33837,1176
tsp/eil101.tsp,500,7,haco_no_local,700.000000,374260.000000,130,33764,812
tsp/eil101.tsp,500,8,haco_no_local,695.000000,356282.500000,247,33224,865
tsp/eil101.tsp,500,9,haco_no_local,701.000000,369336.000000,32,32951,1017
tsp/eil101.tsp,500,10,haco_no_local,680.000000,378398.500000,46,33456,1865
tsp/eil101.tsp,500,11,haco_no_local,699.000000,355736.000000,302,33022,1731
tsp/eil101.tsp,500,12,haco_no_local,701.000000,374546.000000,20,33290,2124
tsp/eil101.tsp,500,13,haco_no_local,701.000000,370492.000000,280,34770,1628
tsp/eil101.tsp,500,14,haco_no_local,709.000000,368303.500000,29,34241,1599
tsp/eil101.tsp,500,15,haco_no_local,717.000000,379723.000000,28,35941,649
tsp/eil101.tsp,500,16,haco_no_local,710.000000,363178.500000,19,36163,1568
tsp/eil101.tsp,500,17,haco_no_local,710.000000,362687.000000,186,33767,1196
tsp/eil101.tsp,500,18,haco_no_local,710.000000,372307.000000,22,33708,2284
tsp/eil101.tsp,500,19,haco_no_local,701.000000,367869.500000,32,34122,2232
tsp/eil101.tsp,500,20,haco_no_local,707.000000,365765.500000,255,34548,2293
tsp/eil101.tsp,800,1,haco_no_local,702.000000,582474.000000,57,56560,636
tsp/eil101.tsp,800,2,haco_no_local,700.000000,596904.500000,540,55069,1256
tsp/eil101.tsp,800,3,haco_no_local,703.000000,614970.000000,94,56168,1636
tsp/eil101.tsp,800,4,haco_no_local,709.000000,590733.500000,24,54534,1442
tsp/eil101.tsp,800,5,haco_no_local,707.000000,603957.000000,255,55468,1988
tsp/eil101.tsp,800,6,haco_no_local,712.000000,605287.500000,7,56662,2469
tsp/eil101.tsp,800,7,haco_no_local,707.000000,610103.000000,16,55202,1127
tsp/eil101.tsp,800,8,haco_no_local,702.000000,592730.500000,12,55939,605
tsp/eil101.tsp,800,9,haco_no_local,699.000000,576725.500000,180,57408,2513
tsp/eil101.tsp,800,10,haco_no_local,692.000000,576418.000000,204,55484,1272
tsp/eil101.tsp,800,11,haco_no_local,698.000000,581331.500000,85,51853,1046
tsp/eil101.tsp,800,12,haco_no_local,701.000000,581368.000000,431,52479,2227
tsp/eil101.tsp,800,13,haco_no_local,705.000000,603837.500000,33,51964,892
tsp/eil101.tsp,800,14,haco_no_local,694.000000,604206.500000,76,51527,2266
tsp/eil101.tsp,800,15,haco_no_local,712.000000,611907.000000,22,52904,1263
tsp/eil101.tsp,800,16,haco_no_local,686.000000,592250.000000,725,49482,934
tsp/eil101.tsp,800,17,haco_no_local,686.000000,570556.500000,650,50985,735
tsp/eil101.tsp,800,18,haco_no_local,691.000000,595106.000000,27,50119,1585
tsp/eil101.tsp,800,19,haco_no_local,699.000000,601224.000000,750,49446,1788
tsp/eil101.tsp,800,20,haco_no_local,698.000000,585119.000000,27,50090,1407
tsp/eil101.tsp,1000,1,haco_with_local,638.000000,722621.000000,910,95896,997
tsp/eil101.tsp,1000,2,haco_with_local,637.000000,718040.500000,270,96612,1265
tsp/eil101.tsp,1000,3,haco_with_local,635.000000,737051.000000,30,97855,1293
tsp/eil101.tsp,1000,4,haco_with_local,637.000000,696269.000000,115,90930,870
tsp/eil101.tsp,1000,5,haco_with_local,636.000000,708140.000000,160,91731,2175
tsp/eil101.tsp,1000,6,haco_with_local,636.000000,728160.500000,265,91540,1405
tsp/eil101.tsp,1000,7,haco_with_local,639.000000,717700.000000,560,91424,1757
tsp/eil101.tsp,1000,8,haco_with_local,636.000000,737782.500000,25,94177,1883
tsp/eil101.tsp,1000,9,haco_with_local,641.000000,714457.500000,10,94166,1677
tsp/eil101.tsp,1000,10,haco_with_local,640.000000,724466.000000,590,89712,798
tsp/eil101.tsp,1000,11,haco_with_local,635.000000,704326.500000,600,90810,2489
tsp/eil101.tsp,1000,12,haco_with_local,632.000000,729393.500000,300,94828,1606
tsp/eil101.tsp,1000,13,haco_with_local,638.000000,715443.000000,375,93460,1707
tsp/eil101.tsp,1000,14,haco_with_local,636.000000,723796.500000,665,101681,673
tsp/eil101.tsp,1000,15,haco_with_local,634.000000,731460.500000,335,97888,1768
tsp/eil101.tsp,1000,16,haco_with_local,636.000000,724215.500000,970,100377,1770
tsp/eil101.tsp,1000,17,haco_with_local,637.000000,711308.000000,655,101085,2120
tsp/eil101.tsp,1000,18,haco_with_local,635.000000,705063.500000,625,102971,2002
tsp/eil101.tsp,1000,19,haco_with_local,637.000000,719253.500000,995,105001,1523
tsp/eil101.tsp,1000,20,haco_with_local,635.000000,720734.500000,315,99273,1165
tsp/eil101.tsp,500,1,haco_with_local,634.000000,361666.500000,480,49352,1605
tsp/eil101.tsp,500,2,haco_with_local,637.000000,363592.500000,155,49369,1721
tsp/eil101.tsp,500,3,haco_with_local,639.000000,354812.000000,415,49581,1149
tsp/eil101.tsp,500,4,haco_with_local,638.000000,364384.000000,60,50420,1559
tsp/eil101.tsp,500,5,haco_with_local,637.000000,362353.500000,45,49984,1076
tsp/eil101.tsp,500,6,haco_with_local,639.000000,350088.000000,115,51894,1284
tsp/eil101.tsp,500,7,haco_with_local,638.000000,358382.000000,330,53497,1741
tsp/eil101.tsp,500,8,haco_with_local,637.000000,362877.000000,50,51563,2152
tsp/eil101.tsp,500,9,haco_with_local,635.000000,362696.000000,320,50287,2489
tsp/eil101.tsp,500,10,haco_with_local,638.000000,361523.500000,15,49709,2065
tsp/eil101.tsp,500,11,haco_with_local,638.000000,354704.500000,265,48350,1118
tsp/eil101.tsp,500,12,haco_with_local,644.000000,363624.500000,60,51112,810
tsp/eil101.tsp,500,13,haco_with_local,635.000000,361043.500000,405,48553,1931
tsp/eil101.tsp,500,14,haco_with_local,640.000000,360710.000000,370,51340,1933
tsp/eil101.tsp,500,15,haco_with_local,639.000000,363082.000000,350,49685,1509
tsp/eil101.tsp,500,16,haco_with_local,640.000000,363502.500000,105,51696,711
tsp/eil101.tsp,500,17,haco_with_local,643.000000,361417.000000,20,50172,868
tsp/eil101.tsp,500,18,haco_with_local,636.000000,362089.000000,115,51372,862
tsp/eil101.tsp,500,19,haco_with_local,633.000000,352017.000000,220,52739,2350
tsp/eil101.tsp,500,20,haco_with_local,638.000000,363501.000000,315,50099,1987
tsp/eil101.tsp,800,1,haco_with_local,635.000000,561286.000000,55,79402,2199
tsp/eil101.tsp,800,2,haco_with_local,633.000000,572912.000000,80,76824,2443
tsp/eil101.tsp,800,3,haco_with_local,639.000000,571371.000000,95,78745,1770
tsp/eil101.tsp,800,4,haco_with_local,635.000000,580111.500000,275,79662,809
tsp/eil101.tsp,800,5,haco_with_local,631.000000,583511.500000,415,85218,1134
tsp/eil101.tsp,800,6,haco_with_local,638.000000,561474.500000,55,82379,739
tsp/eil101.tsp,800,7,haco_with_local,634.000000,579180.500000,230,84539,924
tsp/eil101.tsp,800,8,haco_with_local,632.000000,570955.500000,215,81762,1070
tsp/eil101.tsp,800,9,haco_with_local,636.000000,571378.000000,700,80045,1764
tsp/eil101.tsp,800,10,haco_with_local,639.000000,562497.000000,55,78449,1126
tsp/eil101.tsp,800,11,haco_with_local,635.000000,583342.000000,265,87219,1425
tsp/eil101.tsp,800,12,haco_with_local,639.000000,575415.500000,10,86447,2381
tsp/eil101.tsp,800,13,haco_with_local,633.000000,574780.500000,730,82240,1928
tsp/eil101.tsp,800,14,haco_with_local,642.000000,580075.500000,785,84495,586
tsp/eil101.tsp,800,15,haco_with_local,638.000000,579970.500000,195,78273,1252
tsp/eil101.tsp,800,16,haco_with_local,637.000000,567380.500000,60,77361,2153
tsp/eil101.tsp,800,17,haco_with_local,638.000000,573924.500000,65,76826,1038
tsp/eil101.tsp,800,18,haco_with_local,634.000000,573796.500000,15,78369,2024
tsp/eil101.tsp,800,19,haco_with_local,640.000000,558924.500000,415,76069,965
tsp/eil101.tsp,800,20,haco_with_local,634.000000,564639.500000,460,82870,1455
tsp/eil101.tsp,1000,1,aco,690.000000,721525.500000,293,67760,1946
tsp/eil101.tsp,1000,2,aco,680.000000,723271.500000,9,65165,1959
tsp/eil101.tsp,1000,3,aco,684.000000,740615.500000,13,65741,914
tsp/eil101.tsp,1000,4,aco,689.000000,731710.000000,636,63509,1858
tsp/eil101.tsp,1000,5,aco,691.000000,729069.000000,890,66054,2066
tsp/eil101.tsp,1000,6,aco,692.000000,727831.500000,870,67956,705
tsp/eil101.tsp,1000,7,aco,687.000000,734299.000000,609,74127,1983
tsp/eil101.tsp,1000,8,aco,695.000000,721645.500000,233,82284,1835
tsp/eil101.tsp,1000,9,aco,667.000000,738191.000000,999,78354,784
tsp/eil101.tsp,1000,10,aco,691.000000,725664.000000,282,72345,2489
tsp/eil101.tsp,1000,11,aco,690.000000,733709.000000,266,73057,972
tsp/eil101.tsp,1000,12,aco,690.000000,735185.000000,13,72784,2211
tsp/eil101.tsp,1000,13,aco,702.000000,738139.500000,350,74883,768
tsp/eil101.tsp,1000,14,aco,691.000000,725183.500000,319,73233,1626
tsp/eil101.tsp,1000,15,aco,691.000000,730125.000000,417,75572,1234
tsp/eil101.tsp,1000,16,aco,684.000000,724065.000000,119,74486,1968
tsp/eil101.tsp,1000,17,aco,692.000000,725263.500000,48,73929,2368
tsp/eil101.tsp,1000,18,aco,695.000000,732177.000000,777,72642,2275
tsp/eil101.tsp,1000,19,aco,685.000000,723302.500000,268,75289,685
tsp/eil101.tsp,1000,20,aco,702.000000,732873.500000,624,74676,1743
tsp/eil101.tsp,500,1,aco,695.000000,362266.500000,499,37882,1476
tsp/eil101.tsp,500,2,aco,688.000000,365511.000000,497,37150,2240
tsp/eil101.tsp,500,3,aco,691.000000,367779.000000,308,37074,739
tsp/eil101.tsp,500,4,aco,696.000000,364972.000000,84,38735,1632
tsp/eil101.tsp,500,5,aco,691.000000,364193.500000,16,38203,1658
tsp/eil101.tsp,500,6,aco,697.000000,361678.500000,41,38813,2414
tsp/eil101.tsp,500,7,aco,694.000000,365899.500000,365,38735,2376
tsp/eil101.tsp,500,8,aco,673.000000,363116.000000,197,39916,2335
tsp/eil101.tsp,500,9,aco,693.000000,368073.000000,428,36325,1479
tsp/eil101.tsp,500,10,aco,692.000000,360725.500000,176,36780,2205
tsp/eil101.tsp,500,11,aco,697.000000,369906.500000,342,35785,1805
tsp/eil101.tsp,500,12,aco,698.000000,372536.500000,67,35503,1969
tsp/eil101.tsp,500,13,aco,695.000000,367078.000000,485,35601,2343
tsp/eil101.tsp,500,14,aco,693.000000,364836.500000,314,37197,1269
tsp/eil101.tsp,500,15,aco,688.000000,368405.000000,329,35889,1280
tsp/eil101.tsp,500,16,aco,689.000000,365821.500000,20,34844,735
tsp/eil101.tsp,500,17,aco,690.000000,361844.500000,348,34627,1189
tsp/eil101.tsp,500,18,aco,679.000000,364557.000000,7,34590,1489
tsp/eil101.tsp,500,19,aco,694.000000,363060.500000,446,35318,1732
tsp/eil101.tsp,500,20,aco,697.000000,373139.000000,20,35227,1585
tsp/eil101.tsp,800,1,aco,700.000000,580069.500000,14,58398,692
tsp/eil101.tsp,800,2,aco,691.000000,580037.000000,746,58649,1660
tsp/eil101.tsp,800,3,aco,695.000000,583337.000000,619,57475,866
tsp/eil101.tsp,800,4,aco,691.000000,575000.000000,348,56746,1674
tsp/eil101.tsp,800,5,aco,699.000000,584158.500000,297,57138,1628
tsp/eil101.tsp,800,6,aco,689.000000,593240.500000,27,57627,1818
tsp/eil101.tsp,800,7,aco,696.000000,582849.000000,26,55781,1735
tsp/eil101.tsp,800,8,aco,689.000000,584816.500000,549,55434,2395
tsp/eil101.tsp,800,9,aco,689.000000,579950.000000,9,54940,1309
tsp/eil101.tsp,800,10,aco,683.000000,576420.500000,722,56999,721
tsp/eil101.tsp,800,11,aco,683.000000,583260.000000,425,58560,1813
tsp/eil101.tsp,800,12,aco,693.000000,583976.000000,621,60028,2034
tsp/eil101.tsp,800,13,aco,687.000000,585885.000000,21,57620,752
tsp/eil101.tsp,800,14,aco,681.000000,575461.500000,72,56927,1398
tsp/eil101.tsp,800,15,aco,690.000000,585458.500000,139,56459,2239
tsp/eil101.tsp,800,16,aco,690.000000,578843.500000,498,57198,1296
tsp/eil101.tsp,800,17,aco,680.000000,588012.500000,655,55988,1206
tsp/eil101.tsp,800,18,aco,691.000000,590196.500000,236,56453,715
tsp/eil101.tsp,800,19,aco,695.000000,579385.500000,779,56649,1421
tsp/eil101.tsp,800,20,aco,692.000000,583219.500000,662,56577,2029
tsp/rd100.tsp,1000,1,haco_no_local,8820.000000,9318197.500000,34,74750,873
tsp/rd100.tsp,1000,2,haco_no_local,8675.000000,9126621.000000,35,75333,721
tsp/rd100.tsp,1000,3,haco_no_local,8647.000000,9048966.000000,493,74988,1969
tsp/rd100.tsp,1000,4,haco_no_local,8496.000000,9055741.000000,16,76772,1060
tsp/rd100.tsp,1000,5,haco_no_local,8576.000000,9110576.500000,30,76171,1422
tsp/rd100.tsp,1000,6,haco_no_local,8454.000000,8967817.000000,341,74940,2162
tsp/rd100.tsp,1000,7,haco_no_local,8509.000000,9015972.500000,32,74687,1754
tsp/rd100.tsp,1000,8,haco_no_local,8435.000000,9284336.000000,48,75487,1718
tsp/rd100.tsp,1000,9,haco_no_local,8639.000000,9088447.000000,527,74382,745
tsp/rd100.tsp,1000,10,haco_no_local,8442.000000,9008412.000000,600,75198,655
tsp/rd100.tsp,1000,11,haco_no_local,8441.000000,8951273.000000,415,78596,1457
tsp/rd100.tsp,1000,12,haco_no_local,8442.000000,9171576.000000,20,76830,1015
tsp/rd100.tsp,1000,13,haco_no_local,8460.000000,9045204.500000,321,76800,841
tsp/rd100.tsp,1000,14,haco_no_local,8462.000000,8968240.500000,136,75104,1296
tsp/rd100.tsp,1000,15,haco_no_local,8595.000000,8765014.000000,579,73879,1188
tsp/rd100.tsp,1000,16,haco_no_local,8593.000000,8798073.500000,86,73857,591
tsp/rd100.tsp,1000,17,haco_no_local,8552.000000,9059067.000000,661,75320,1704
tsp/rd100.tsp,1000,18,haco_no_local,8679.000000,8811021.000000,273,74327,1971
tsp/rd100.tsp,1000,19,haco_no_local,8504.000000,9081007.500000,94,75555,1170
tsp/rd100.tsp,1000,20,haco_no_local,8409.000000,9334811.000000,18,74434,1839
tsp/rd100.tsp,500,1,haco_no_local,8586.000000,4553940.500000,14,38681,1359
tsp/rd100.tsp,500,2,haco_no_local,8608.000000,4524266.500000,240,37167,1275
tsp/rd100.tsp,500,3,haco_no_local,8669.000000,4558027.000000,145,36632,1262
tsp/rd100.tsp,500,4,haco_no_local,8681.000000,4559664.000000,45,36785,2072
tsp/rd100.tsp,500,5,haco_no_local,8520.000000,4666764.500000,22,36717,861
tsp/rd100.tsp,500,6,haco_no_local,8750.000000,4632165.500000,46,36677,1695
tsp/rd100.tsp,500,7,haco_no_local,8529.000000,4432380.500000,66,36681,1103
tsp/rd100.tsp,500,8,haco_no_local,8611.000000,4663143.500000,12,36913,1392
tsp/rd100.tsp,500,9,haco_no_local,8506.000000,4532309.000000,31,36338,1608
tsp/rd100.tsp,500,10,haco_no_local,8519.000000,4513335.000000,456,36145,2061
tsp/rd100.tsp,500,11,haco_no_local,8541.000000,4410066.500000,471,37102,755
tsp/rd100.tsp,500,12,haco_no_local,8693.000000,4674168.000000,10,36366,1566
tsp/rd100.tsp,500,13,haco_no_local,8478.000000,4451034.500000,29,36823,2029
tsp/rd100.tsp,500,14,haco_no_local,8648.000000,4441122.000000,63,36714,1966
tsp/rd100.tsp,500,15,haco_no_local,8410.000000,4505195.000000,38,37396,1100
tsp/rd100.tsp,500,16,haco_no_local,8609.000000,4536840.000000,36,36395,2073
tsp/rd100.tsp,500,17,haco_no_local,8495.000000,4519314.000000,106,36063,2316
tsp/rd100.tsp,500,18,haco_no_local,8575.000000,4435533.500000,39,36492,735
tsp/rd100.tsp,500,19,haco_no_local,8520.000000,4494222.500000,146,36802,1342
tsp/rd100.tsp,500,20,haco_no_local,8593.000000,4508477.000000,62,36093,1853
tsp/rd100.tsp,800,1,haco_no_local,8501.000000,7295416.000000,15,59437,1463
tsp/rd100.tsp,800,2,haco_no_local,8565.000000,7304890.500000,20,59990,2319
tsp/rd100.tsp,800,3,haco_no_local,8552.000000,7257447.000000,123,58634,2577
tsp/rd100.tsp,800,4,haco_no_local,8596.000000,7241177.500000,220,58273,943
tsp/rd100.tsp,800,5,haco_no_local,8653.000000,7091587.000000,31,58900,1804
tsp/rd100.tsp,800,6,haco_no_local,8679.000000,7504037.000000,24,59071,1726
tsp/rd100.tsp,800,7,haco_no_local,8518.000000,7204156.500000,53,59478,1972
tsp/rd100.tsp,800,8,haco_no_local,8526.000000,7341510.000000,34,60240,1381
tsp/rd100.tsp,800,9,haco_no_local,8667.000000,7326725.000000,103,58684,2421
tsp/rd100.tsp,800,10,haco_no_local,8492.000000,7236374.000000,354,58548,2207
tsp/rd100.tsp,800,11,haco_no_local,8588.000000,7349443.000000,695,58230,2065
tsp/rd100.tsp,800,12,haco_no_local,8590.000000,7337651.000000,73,59805,1450
tsp/rd100.tsp,800,13,haco_no_local,8518.000000,7317599.500000,9,59673,1874
tsp/rd100.tsp,800,14,haco_no_local,8625.000000,7223775.000000,11,59972,2182
tsp/rd100.tsp,800,15,haco_no_local,8502.000000,7345302.500000,87,64409,1460
tsp/rd100.tsp,800,16,haco_no_local,8617.000000,7388390.500000,17,63931,1120
tsp/rd100.tsp,800,17,haco_no_local,8479.000000,7128390.500000,185,58862,1327
tsp/rd100.tsp,800,18,haco_no_local,8526.000000,7332239.000000,260,58466,1955
tsp/rd100.tsp,800,19,haco_no_local,8490.000000,7261097.500000,123,59330,1614
tsp/rd100.tsp,800,20,haco_no_local,8509.000000,7274370.500000,116,58173,752
tsp/rd100.tsp,1000,1,haco_with_local,8026.000000,8821083.000000,140,86369,647
tsp/rd100.tsp,1000,2,haco_with_local,7988.000000,8980694.000000,110,90384,1345
tsp/rd100.tsp,1000,3,haco_with_local,8026.000000,8838236.500000,0,85018,1121
tsp/rd100.tsp,1000,4,haco_with_local,8026.000000,8873708.500000,75,84227,653
tsp/rd100.tsp,1000,5,haco_with_local,8051.000000,8754803.000000,10,86802,1178
tsp/rd100.tsp,1000,6,haco_with_local,8047.000000,8947280.000000,0,85608,1543
tsp/rd100.tsp,1000,7,haco_with_local,7950.000000,8856092.500000,30,84564,1477
tsp/rd100.tsp,1000,8,haco_with_local,8049.000000,8688673.000000,305,83778,856
tsp/rd100.tsp,1000,9,haco_with_local,8012.000000,8886993.000000,900,84883,872
tsp/rd100.tsp,1000,10,haco_with_local,7990.000000,8791916.500000,710,85254,1619
tsp/rd100.tsp,1000,11,haco_with_local,7992.000000,8922458.500000,740,85386,600
tsp/rd100.tsp,1000,12,haco_with_local,8023.000000,8943341.000000,0,86679,1684
tsp/rd100.tsp,1000,13,haco_with_local,7991.000000,8886664.500000,895,93258,1364
tsp/rd100.tsp,1000,14,haco_with_local,7980.000000,9012212.000000,35,90893,1818
tsp/rd100.tsp,1000,15,haco_with_local,7987.000000,8816864.500000,20,86654,1926
tsp/rd100.tsp,1000,16,haco_with_local,8042.000000,8849418.500000,590,85810,1387
tsp/rd100.tsp,1000,17,haco_with_local,8035.000000,9007063.000000,0,87881,1499
tsp/rd100.tsp,1000,18,haco_with_local,8065.000000,8944746.500000,240,88542,1498
tsp/rd100.tsp,1000,19,haco_with_local,8067.000000,8913075.000000,585,84692,2380
tsp/rd100.tsp,1000,20,haco_with_local,8076.000000,8883979.000000,60,86498,1423
tsp/rd100.tsp,500,1,haco_with_local,7936.000000,4442025.000000,325,42375,1642
tsp/rd100.tsp,500,2,haco_with_local,8042.000000,4430193.500000,320,43598,699
tsp/rd100.tsp,500,3,haco_with_local,8049.000000,4454884.500000,305,44183,1903
tsp/rd100.tsp,500,4,haco_with_local,8053.000000,4348464.000000,80,43468,560
tsp/rd100.tsp,500,5,haco_with_local,8025.000000,4382738.500000,60,42896,513
tsp/rd100.tsp,500,6,haco_with_local,8032.000000,4361756.500000,365,42593,2322
tsp/rd100.tsp,500,7,haco_with_local,8012.000000,4437758.000000,0,42513,1176
tsp/rd100.tsp,500,8,haco_with_local,8041.000000,4385368.500000,155,42992,765
tsp/rd100.tsp,500,9,haco_with_local,7985.000000,4469661.000000,55,42796,763
tsp/rd100.tsp,500,10,haco_with_local,7991.000000,4410964.000000,450,41728,2319
tsp/rd100.tsp,500,11,haco_with_local,8018.000000,4459430.500000,190,42535,2367
tsp/rd100.tsp,500,12,haco_with_local,8067.000000,4441112.000000,200,43466,2063
tsp/rd100.tsp,500,13,haco_with_local,8042.000000,4423467.500000,120,43130,2157
tsp/rd100.tsp,500,14,haco_with_local,8070.000000,4330423.000000,0,42237,1434
tsp/rd100.tsp,500,15,haco_with_local,8020.000000,4409439.500000,375,42426,779
tsp/rd100.tsp,500,16,haco_with_local,8073.000000,4390576.500000,195,43143,2062
tsp/rd100.tsp,500,17,haco_with_local,8040.000000,4421323.500000,75,43136,683
tsp/rd100.tsp,500,18,haco_with_local,8083.000000,4440251.000000,255,43005,1107
tsp/rd100.tsp,500,19,haco_with_local,8039.000000,4418481.000000,115,42649,1328
tsp/rd100.tsp,500,20,haco_with_local,7992.000000,4416531.500000,0,43322,1370
tsp/rd100.tsp,800,1,haco_with_local,8054.000000,7126577.000000,405,70624,2015
tsp/rd100.tsp,800,2,haco_with_local,8084.000000,7123253.500000,0,69853,2335
tsp/rd100.tsp,800,3,haco_with_local,8006.000000,7092766.000000,665,69260,1519
tsp/rd100.tsp,800,4,haco_with_local,8041.000000,7043346.000000,765,69167,2163
tsp/rd100.tsp,800,5,haco_with_local,8059.000000,7072334.000000,40,68431,2535
tsp/rd100.tsp,800,6,haco_with_local,8029.000000,7120915.000000,165,68733,2641
tsp/rd100.tsp,800,7,haco_with_local,8029.000000,7165103.000000,0,66348,666
tsp/rd100.tsp,800,8,haco_with_local,8032.000000,7220170.500000,0,66617,2453
tsp/rd100.tsp,800,9,haco_with_local,8040.000000,7132049.500000,160,64814,1925
tsp/rd100.tsp,800,10,haco_with_local,8035.000000,7178708.000000,240,66659,1184
tsp/rd100.tsp,800,11,haco_with_local,7998.000000,7084927.500000,160,66770,1275
tsp/rd100.tsp,800,12,haco_with_local,8016.000000,7097144.000000,0,65567,2152
tsp/rd100.tsp,800,13,haco_with_local,8060.000000,7047392.500000,195,64507,1273
tsp/rd100.tsp,800,14,haco_with_local,7964.000000,7081152.000000,140,64070,1170
tsp/rd100.tsp,800,15,haco_with_local,8071.000000,7055813.000000,50,64318,1948
tsp/rd100.tsp,800,16,haco_with_local,8089.000000,7018874.500000,520,64553,1297
tsp/rd100.tsp,800,17,haco_with_local,8016.000000,7136740.500000,145,64816,1486
tsp/rd100.tsp,800,18,haco_with_local,8026.000000,7294611.500000,30,68252,2072
tsp/rd100.tsp,800,19,haco_with_local,7978.000000,7076746.000000,715,66164,1980
tsp/rd100.tsp,800,20,haco_with_local,8043.000000,7021354.000000,765,65951,1618
tsp/rd100.tsp,1000,1,aco,8490.000000,8942921.000000,891,66331,1416
tsp/rd100.tsp,1000,2,aco,8538.000000,9023108.000000,42,65478,1898
tsp/rd100.tsp,1000,3,aco,8537.000000,8870250.000000,36,64589,697
tsp/rd100.tsp,1000,4,aco,8553.000000,8940061.000000,426,64919,2070
tsp/rd100.tsp,1000,5,aco,8503.000000,8887817.500000,871,64531,858
tsp/rd100.tsp,1000,6,aco,8505.000000,9027212.000000,271,64528,2051
tsp/rd100.tsp,1000,7,aco,8601.000000,8979392.000000,267,65498,2059
tsp/rd100.tsp,1000,8,aco,8591.000000,8982683.000000,11,65665,1214
tsp/rd100.tsp,1000,9,aco,8471.000000,8996700.000000,17,65290,1067
tsp/rd100.tsp,1000,10,aco,8548.000000,9001353.500000,727,65577,689
tsp/rd100.tsp,1000,11,aco,8577.000000,8959839.500000,3,65705,1709
tsp/rd100.tsp,1000,12,aco,8493.000000,8870967.000000,218,64334,1475
tsp/rd100.tsp,1000,13,aco,8557.000000,8961809.500000,901,64461,1685
tsp/rd100.tsp,1000,14,aco,8498.000000,8974410.000000,16,64484,1479
tsp/rd100.tsp,1000,15,aco,8492.000000,8970634.000000,359,64368,1991
tsp/rd100.tsp,1000,16,aco,8369.000000,8950305.000000,97,64367,1917
tsp/rd100.tsp,1000,17,aco,8504.000000,8955749.500000,528,65898,873
tsp/rd100.tsp,1000,18,aco,8536.000000,8893811.500000,24,66022,2118
tsp/rd100.tsp,1000,19,aco,8559.000000,8926346.000000,44,65813,1944
tsp/rd100.tsp,1000,20,aco,8489.000000,8957941.500000,34,66123,2181
tsp/rd100.tsp,500,1,aco,8522.000000,4455440.000000,328,32928,1085
tsp/rd100.tsp,500,2,aco,8494.000000,4442750.000000,55,32760,1013
tsp/rd100.tsp,500,3,aco,8461.000000,4433493.000000,25,32417,1148
tsp/rd100.tsp,500,4,aco,8410.000000,4449627.500000,133,32178,839
tsp/rd100.tsp,500,5,aco,8476.000000,4430743.500000,15,32327,2260
tsp/rd100.tsp,500,6,aco,8536.000000,4500215.500000,92,32380,1412
tsp/rd100.tsp,500,7,aco,8550.000000,4459452.000000,14,32405,1011
tsp/rd100.tsp,500,8,aco,8577.000000,4477873.000000,22,32335,1167
tsp/rd100.tsp,500,9,aco,8460.000000,4432779.000000,23,32328,1398
tsp/rd100.tsp,500,10,aco,8566.000000,4423626.000000,16,32418,915
tsp/rd100.tsp,500,11,aco,8524.000000,4476713.000000,14,32428,1806
tsp/rd100.tsp,500,12,aco,8547.000000,4457877.500000,126,32646,2024
tsp/rd100.tsp,500,13,aco,8553.000000,4450631.000000,264,33083,2080
tsp/rd100.tsp,500,14,aco,8577.000000,4447955.500000,19,33079,1916
tsp/rd100.tsp,500,15,aco,8369.000000,4478743.500000,35,33082,2329
tsp/rd100.tsp,500,16,aco,8506.000000,4471655.500000,134,33351,1702
tsp/rd100.tsp,500,17,aco,8532.000000,4441076.000000,63,33291,1973
tsp/rd100.tsp,500,18,aco,8504.000000,4485247.500000,352,33095,2252
tsp/rd100.tsp,500,19,aco,8532.000000,4483000.500000,31,33284,1177
tsp/rd100.tsp,500,20,aco,8628.000000,4509446.000000,40,33150,2312
tsp/rd100.tsp,800,1,aco,8559.000000,7150820.000000,15,53070,2192
tsp/rd100.tsp,800,2,aco,8552.000000,7174441.500000,50,52629,1797
tsp/rd100.tsp,800,3,aco,8455.000000,7172787.000000,489,52177,954
tsp/rd100.tsp,800,4,aco,8441.000000,7091508.000000,10,52061,1754
tsp/rd100.tsp,800,5,aco,8493.000000,7169751.500000,111,52116,2370
tsp/rd100.tsp,800,6,aco,8588.000000,7111006.500000,185,51896,947
tsp/rd100.tsp,800,7,aco,8460.000000,7137733.500000,552,51755,2470
tsp/rd100.tsp,800,8,aco,8504.000000,7095466.000000,70,52585,1256
tsp/rd100.tsp,800,9,aco,8519.000000,7112586.000000,297,53097,1323
tsp/rd100.tsp,800,10,aco,8493.000000,7136552.000000,473,52693,1652
tsp/rd100.tsp,800,11,aco,8660.000000,7195749.500000,432,52729,841
tsp/rd100.tsp,800,12,aco,8493.000000,7132650.500000,90,52532,1164
tsp/rd100.tsp,800,13,aco,8568.000000,7182137.000000,733,52750,2339
tsp/rd100.tsp,800,14,aco,8544.000000,7156701.500000,569,52305,989
tsp/rd100.tsp,800,15,aco,8600.000000,7182116.500000,117,51873,1083
tsp/rd100.tsp,800,16,aco,8290.000000,7163330.000000,13,51729,1034
tsp/rd100.tsp,800,17,aco,8525.000000,7104812.500000,8,51724,1180
tsp/rd100.tsp,800,18,aco,8457.000000,7124039.500000,13,51511,2177
tsp/rd100.tsp,800,19,aco,8538.000000,7145364.000000,16,53097,1650
tsp/rd100.tsp,800,20,aco,8509.000000,7131444.500000,168,52819,1571
tsp/tsp225.tsp,1000,1,haco_no_local,4336.000000,4617127.000000,33,906722,8010
tsp/tsp225.tsp,1000,2,haco_no_local,4267.000000,4411895.500000,23,891681,8312
tsp/tsp225.tsp,1000,3,haco_no_local,4262.000000,4440666.000000,387,855007,5072
tsp/tsp225.tsp,1000,4,haco_no_local,4352.000000,4614500.000000,47,836219,7116
tsp/tsp225.tsp,1000,5,haco_no_local,4342.000000,4642440.000000,21,837826,8949
tsp/tsp225.tsp,1000,6,haco_no_local,4255.000000,4498921.000000,96,828219,5328
tsp/tsp225.tsp,1000,7,haco_no_local,4325.000000,4590861.500000,23,814589,5006
tsp/tsp225.tsp,1000,8,haco_no_local,4286.000000,4694440.000000,57,835139,8151
tsp/tsp225.tsp,1000,9,haco_no_local,4249.000000,4514794.000000,39,823251,5073
tsp/tsp225.tsp,1000,10,haco_no_local,4330.000000,4639412.000000,143,820116,5232
tsp/tsp225.tsp,1000,11,haco_no_local,4282.000000,4695969.500000,44,815173,8360
tsp/tsp225.tsp,1000,12,haco_no_local,4320.000000,4495407.000000,191,763895,5521
tsp/tsp225.tsp,1000,13,haco_no_local,4305.000000,4526693.500000,27,774293,5594
tsp/tsp225.tsp,1000,14,haco_no_local,4297.000000,4679134.500000,23,775718,6556
tsp/tsp225.tsp,1000,15,haco_no_local,4298.000000,4452885.500000,207,787639,8126
tsp/tsp225.tsp,1000,16,haco_no_local,4325.000000,4552473.500000,109,778442,8950
tsp/tsp225.tsp,1000,17,haco_no_local,4270.000000,4564934.000000,217,715050,5849
tsp/tsp225.tsp,1000,18,haco_no_local,4297.000000,4499390.500000,40,702208,6277
tsp/tsp225.tsp,1000,19,haco_no_local,4319.000000,4560020.500000,837,690066,3538
tsp/tsp225.tsp,1000,20,haco_no_local,4359.000000,4652176.000000,16,686830,6837
tsp/tsp225.tsp,1000,1,haco_with_local,4019.000000,4532819.000000,210,1173854,6336
tsp/tsp225.tsp,1000,2,haco_with_local,3994.000000,4475841.000000,340,1042123,6506
tsp/tsp225.tsp,1000,3,haco_with_local,4016.000000,4559061.500000,45,1103328,4216
tsp/tsp225.tsp,1000,4,haco_with_local,4012.000000,4458234.500000,45,1053562,2745
tsp/tsp225.tsp,1000,5,haco_with_local,4011.000000,4606850.000000,205,1193404,7208
tsp/tsp225.tsp,1000,6,haco_with_local,3991.000000,4409598.000000,530,1019594,4356
tsp/tsp225.tsp,1000,7,haco_with_local,3993.000000,4422853.000000,165,1076933,5101
tsp/tsp225.tsp,1000,8,haco_with_local,3976.000000,4415710.500000,875,1050016,7058
tsp/tsp225.tsp,1000,9,haco_with_local,3985.000000,4337040.000000,65,1011015,5197
tsp/tsp225.tsp,1000,10,haco_with_local,3975.000000,4429067.000000,850,1093202,8342
tsp/tsp225.tsp,1000,11,haco_with_local,3987.000000,4480264.000000,700,1050799,8317
tsp/tsp225.tsp,1000,12,haco_with_local,3996.000000,4534963.000000,480,1099662,5605
tsp/tsp225.tsp,1000,13,haco_with_local,3968.000000,4459098.000000,695,1059509,5016
tsp/tsp225.tsp,1000,14,haco_with_local,3994.000000,4471057.500000,190,1076862,7570
tsp/tsp225.tsp,1000,15,haco_with_local,3983.000000,4465402.500000,215,1003946,3372
tsp/tsp225.tsp,1000,16,haco_with_local,3993.000000,4277684.500000,210,891571,6823
tsp/tsp225.tsp,1000,17,haco_with_local,4001.000000,4461519.500000,65,960822,7939
tsp/tsp225.tsp,1000,18,haco_with_local,3979.000000,4374350.000000,290,957734,5886
tsp/tsp225.tsp,1000,19,haco_with_local,3992.000000,4396656.500000,755,943095,7288
tsp/tsp225.tsp,1000,20,haco_with_local,4017.000000,4496430.000000,200,960967,4401
tsp/tsp225.tsp,1000,1,aco,4252.000000,4450946.000000,423,565604,8185
tsp/tsp225.tsp,1000,2,aco,4247.000000,4450732.500000,625,569179,8874
tsp/tsp225.tsp,1000,3,aco,4229.000000,4448794.500000,216,571109,5146
tsp/tsp225.tsp,1000,4,aco,4284.000000,4443125.000000,97,570320,7532
tsp/tsp225.tsp,1000,5,aco,4260.000000,4457502.000000,83,569732,11132
tsp/tsp225.tsp,1000,6,aco,4279.000000,4472724.500000,182,570988,5025
tsp/tsp225.tsp,1000,7,aco,4256.000000,4455190.500000,254,572933,10790
tsp/tsp225.tsp,1000,8,aco,4270.000000,4476066.000000,160,569811,10836
tsp/tsp225.tsp,1000,9,aco,4263.000000,4479495.000000,314,571990,5188
tsp/tsp225.tsp,1000,10,aco,4275.000000,4462937.500000,638,589493,8524
tsp/tsp225.tsp,1000,11,aco,4243.000000,4466945.500000,406,649059,3987
tsp/tsp225.tsp,1000,12,aco,4223.000000,4459191.500000,199,658587,9760
tsp/tsp225.tsp,1000,13,aco,4278.000000,4458272.500000,399,640438,5008
tsp/tsp225.tsp,1000,14,aco,4257.000000,4457804.500000,147,637428,7775
tsp/tsp225.tsp,1000,15,aco,4277.000000,4471906.000000,215,643165,5439
tsp/tsp225.tsp,1000,16,aco,4280.000000,4451865.000000,327,655223,6274
tsp/tsp225.tsp,1000,17,aco,4249.000000,4444702.000000,115,639087,6425
tsp/tsp225.tsp,1000,18,aco,4275.000000,4451874.500000,86,645537,6422
tsp/tsp225.tsp,1000,19,aco,4275.000000,4436508.500000,843,646015,6938
tsp/tsp225.tsp,1000,20,aco,4220.000000,4450875.500000,804,641128,4458
